Wavelenght (nm);Concentration (mol.L-1);SpectreEM_1;SpectreEM_2;SpectreEM_3;SpectreEM_4;SpectreEM_5;SpectreEM_6;SpectreEM_7;SpectreEM_8;SpectreEM_9;SpectreEM_10;SpectreEM_11
400;0;0,0294924;0,410867;0,790405;1,06812;1,35193;1,58997;1,83105;2,02026;2,21558;2,39258;2,56653
401;4,72527E-05;0,0276059;0,441939;0,831604;1,17798;1,46866;1,79443;2,01874;2,24533;2,4765;2,6825;2,88467
402;9,3398E-05;0,0189622;0,475852;0,905355;1,30107;1,64558;1,96669;2,25016;2,48922;2,74692;3,00632;3,20604
403;0,000138474;0,0207536;0,529015;1,00632;1,43261;1,81828;2,15817;2,48013;2,75726;3,04527;3,32356;3,55892
404;0,000182518;0,0224738;0,584948;1,11047;1,58203;2,00562;2,38501;2,73792;3,05029;3,37427;3,67566;3,94922
405;0,000225565;0,0232945;0,639656;1,21558;1,73401;2,19446;2,61584;2,99756;3,35083;3,70923;4,03992;4,34656
406;0,000267648;0,0238771;0,696841;1,32605;1,89624;2,3999;2,86304;3,27686;3,67114;4,06873;4,4303;4,76563
407;0,000308799;0,0236407;0,754201;1,44128;2,06689;2,61926;3,12659;3,57336;4,00806;4,43958;4,84033;5,20361
408;0,000349049;0,0234334;0,813943;1,56543;2,24133;2,8468;3,40064;3,88086;4,35877;4,81995;5,2688;5,66016
409;0,000388428;0,0227473;0,877844;1,69336;2,42102;3,08814;3,67981;4,19544;4,71668;5,21753;5,70972;6,13208
410;0,000426962;0,0217494;0,944161;1,82263;2,60425;3,34033;3,96655;4,52441;5,07776;5,62622;6,16345;6,61231
411;;0,0209437;1,01123;1,95654;2,79211;3,59692;4,25916;4,86328;5,44812;6,04517;6,62476;7,10523
412;;0,0207171;1,08187;2,09607;2,98389;3,85425;4,55835;5,21252;5,83423;6,48608;7,09363;7,61255
413;;0,0209735;1,15515;2,23804;3,18286;4,11816;4,87146;5,57507;6,23938;6,94849;7,57788;8,13904
414;;0,0210793;1,22925;2,38538;3,38953;4,38782;5,20081;5,95435;6,66419;7,42688;8,07825;8,68396
415;;0,0209762;1,3053;2,54102;3,60339;4,66443;5,53955;6,33984;7,1106;7,91834;8,58521;9,25147
416;;0,0209584;1,38452;2,70276;3,82483;4,94946;5,89063;6,7312;7,56934;8,41736;9,10657;9,84131
417;;0,0219307;1,46313;2,8678;4,04834;5,24109;6,24512;7,12695;8,0271;8,92285;9,64795;10,4496
418;;0,0227399;1,54175;3,03418;4,27466;5,5365;6,59509;7,52332;8,47852;9,43469;10,1959;11,0581
419;;0,0236192;1,62073;3,19714;4,50525;5,83691;6,93799;7,92371;8,93152;9,94592;10,7515;11,6605
420;;0,0239339;1,69922;3,35864;4,73767;6,14099;7,28064;8,33142;9,38257;10,4565;11,3153;12,2642
421;;0,0243559;1,78149;3,5188;4,96875;6,44556;7,61731;8,75147;9,83765;10,9734;11,8831;12,8577
422;;0,0242643;1,87231;3,6792;5,21033;6,75476;7,96594;9,17383;10,3082;11,4961;12,4552;13,4453
423;;0,0245285;1,96399;3,84387;5,46106;7,07471;8,33228;9,604;10,7948;12,025;13,0399;14,053
424;;0,0248065;2,0564;4,01563;5,71753;7,40064;8,71326;10,0367;11,2944;12,5612;13,6377;14,6898
425;;0,0260015;2,15064;4,19043;5,97461;7,72546;9,10596;10,4696;11,8057;13,1002;14,2526;15,3326
426;;0,0273509;2,24036;4,36792;6,23523;8,05042;9,51709;10,8947;12,3217;13,6395;14,8674;15,989
427;;0,0281377;2,32544;4,5448;6,49048;8,37683;9,92615;11,3254;12,8341;14,1704;15,4695;16,6574
428;;0,0274568;2,41528;4,71436;6,73596;8,69458;10,3215;11,7522;13,334;14,6837;16,0518;17,3038
429;;0,0263052;2,50366;4,87744;6,96802;8,99719;10,704;12,1716;13,814;15,1857;16,6083;17,9078
430;;0,0263429;2,59058;5,03406;7,19788;9,29297;11,0717;12,587;14,2731;15,6893;17,1416;18,49
431;;0,0265698;2,67847;5,19019;7,42017;9,58569;11,4136;12,993;14,7163;16,194;17,6791;19,0536
432;;0,0256057;2,75989;5,34888;7,63477;9,86682;11,7402;13,3851;15,1459;16,6963;18,2159;19,597
433;;0,0250869;2,83105;5,51209;7,84253;10,1355;12,0568;13,7566;15,5748;17,1979;18,7484;20,1409
434;;0,0250511;2,90137;5,67505;8,04504;10,4047;12,3618;14,108;16,0006;17,6931;19,2749;20,6962
435;;0,0234861;2,96814;5,83875;8,23987;10,6697;12,6586;14,4464;16,4188;18,1635;19,7826;21,2477
436;;0,0210614;3,02832;5,98682;8,42737;10,9221;12,9479;14,7765;16,8137;18,5964;20,2494;21,7743
437;;0,0208073;3,08643;6,11707;8,60498;11,1667;13,2169;15,0966;17,1818;18,9951;20,684;22,264
438;;0,0213161;3,14514;6,23132;8,77576;11,403;13,4768;15,4113;17,5115;19,368;21,0966;22,7147
439;;0,0216255;3,20349;6,33313;8,94336;11,6209;13,7335;15,7174;17,808;19,7184;21,4832;23,1367
440;;0,0217605;3,25964;6,4242;9,10486;11,818;13,9669;15,9991;18,0797;20,0509;21,8405;23,5334
441;;0,0223041;3,31531;6,51477;9,26489;12,0018;14,1842;16,2599;18,3474;20,3726;22,1791;23,9108
442;;0,0226145;3,37244;6,60779;9,422;12,1727;14,4014;16,4995;18,6089;20,6925;22,5006;24,2754
443;;0,0234294;3,42761;6,70178;9,57361;12,3348;14,6069;16,7255;18,869;21,0056;22,7968;24,6218
444;;0,0249047;3,47595;6,79968;9,72351;12,493;14,7932;16,9491;19,125;21,299;23,0773;24,9336
445;;0,0259709;3,52161;6,89453;9,86548;12,6431;14,9782;17,162;19,3752;21,5736;23,3519;25,2118
446;;0,0268889;3,5647;6,98425;9,98877;12,7787;15,1574;17,3647;19,6012;21,8208;23,6129;25,4719
447;;0,0275607;3,60291;7,0669;10,0964;12,8942;15,323;17,5403;19,8052;22,0298;23,8433;25,7142
448;;0,0273275;3,63733;7,1377;10,189;12,9912;15,4668;17,6929;19,9822;22,1974;24,0457;25,9338
449;;0,0256996;3,66565;7,1875;10,2587;13,0673;15,5867;17,8136;20,1267;22,3297;24,2125;26,1274
450;;0,0255423;3,68543;7,22681;10,3071;13,1312;15,6792;17,9226;20,2343;22,4279;24,3452;26,2886
451;;0,0257692;3,70215;7,25989;10,3406;13,1902;15,747;18,001;20,3192;22,5142;24,4467;26,4108
452;;0,0255008;3,71558;7,27905;10,3652;13,2435;15,792;18,0698;20,3809;22,5876;24,5336;26,493
453;;0,0243878;3,7196;7,29126;10,3833;13,2889;15,823;18,1216;20,4231;22,6406;24,6;26,5454
454;;0,0238409;3,71899;7,30274;10,3881;13,3236;15,8346;18,1495;20,449;22,6823;24,6416;26,5813
455;;0,0228429;3,72046;7,3053;10,3801;13,3494;15,8361;18,1469;20,4563;22,7098;24,6575;26,6051
456;;0,0220194;3,7168;7,29797;10,3661;13,3549;15,8269;18,1367;20,4437;22,7097;24,6472;26,6106
457;;0,0207553;3,7063;7,28992;10,3451;13,3467;15,8054;18,1133;20,4155;22,6823;24,6138;26,5897
458;;0,0201058;3,69666;7,27954;10,3113;13,3234;15,7677;18,0728;20,3694;22,6412;24,5667;26,5475
459;;0,0197902;3,6886;7,26648;10,2753;13,2866;15,7346;18,0214;20,3184;22,584;24,5093;26,4804
460;;0,0197105;3,67334;7,24854;10,2386;13,2339;15,6938;17,9587;20,2633;22,5138;24,4323;26,3888
461;;0,0195313;3,65393;7,21741;10,2028;13,1702;15,636;17,8781;20,1918;22,4301;24,3325;26,27
462;;0,0197072;3,63159;7,17468;10,1564;13,1007;15,5569;17,7861;20,0975;22,3347;24,2025;26,141
463;;0,0209727;3,60559;7,12061;10,1042;13,022;15,4651;17,677;19,9817;22,2186;24,0386;25,9851
464;;0,0228744;3,573;7,05432;10,0404;12,938;15,3532;17,5579;19,8293;22,0762;23,8512;25,8042
465;;0,0237923;3,53784;6,98462;9,96985;12,8497;15,2177;17,4302;19,6488;21,8998;23,6448;25,6041
466;;0,024231;3,49817;6,91846;9,88245;12,7535;15,0701;17,2863;19,4552;21,6963;23,4294;25,3899
467;;0,0253172;3,45581;6,84912;9,78247;12,6376;14,9202;17,113;19,2571;21,4731;23,2128;25,156
468;;0,025785;3,41101;6,77832;9,67407;12,514;14,767;16,9327;19,0554;21,236;22,9941;24,9106
469;;0,0256824;3,36804;6,70862;9,56629;12,38;14,6066;16,7395;18,861;20,9871;22,7693;24,6492
470;;0,0259566;3,32629;6,63367;9,45154;12,2321;14,4514;16,5313;18,6708;20,7391;22,5446;24,3704
471;;0,0262951;3,28784;6,55432;9,33692;12,0823;14,2983;16,3204;18,4733;20,4869;22,302;24,0813
472;;0,0266046;3,25244;6,47278;9,22925;11,9414;14,1376;16,1187;18,2653;20,2294;22,0316;23,7797
473;;0,026698;3,21899;6,39136;9,12439;11,7963;13,9642;15,911;18,0494;19,9666;21,7354;23,4722
474;;0,0263995;3,18298;6,30505;9,01453;11,6447;13,7766;15,7001;17,8191;19,698;21,4202;23,1582
475;;0,0262203;3,14587;6,21741;8,90772;11,4873;13,5734;15,4906;17,5737;19,4227;21,0836;22,834
476;;0,0262231;3,10523;6,13147;8,79285;11,3207;13,36;15,2732;17,3274;19,1388;20,7474;22,5013
477;;0,0259809;3,06287;6,04749;8,67334;11,1368;13,1465;15,0459;17,0785;18,8478;20,4283;22,168
478;;0,025188;3,01514;5,95825;8,54712;10,9489;12,9316;14,8188;16,8302;18,559;20,1244;21,8253
479;;0,0240612;2,96533;5,87231;8,41199;10,7638;12,7164;14,592;16,5779;18,2699;19,8206;21,4872
480;;0,0234118;2,91235;5,78687;8,26563;10,5813;12,505;14,355;16,3178;17,974;19,5262;21,156
481;;0,0232158;2,86108;5,69263;8,12805;10,3994;12,2924;14,1157;16,0374;17,681;19,2262;20,8202
482;;0,0223608;2,80713;5,58984;7,98364;10,2217;12,0757;13,8724;15,7389;17,3801;18,9063;20,4722
483;;0,0217643;2,75574;5,48523;7,83081;10,0407;11,8589;13,6189;15,4142;17,057;18,5735;20,109
484;;0,021709;2,70496;5,37598;7,67835;9,85596;11,6459;13,3507;15,0812;16,7196;18,236;19,72
485;;0,0215111;2,65601;5,26782;7,52881;9,66589;11,4281;13,0804;14,7533;16,3787;17,8746;19,3051
486;;0,0207605;2,60437;5,16223;7,36658;9,46716;11,205;12,8035;14,4336;16,0276;17,5029;18,8739
487;;0,0206523;2,55164;5,06226;7,2002;9,26318;10,973;12,5221;14,118;15,6786;17,1227;18,4343
488;;0,0212402;2,49756;4,96106;7,03406;9,05408;10,7347;12,2343;13,8138;15,3325;16,7269;18,0002
489;;0,0222406;2,44495;4,85303;6,86865;8,83862;10,4928;11,9467;13,5066;14,9893;16,3154;17,5736
490;;0,022697;2,3905;4,73535;6,69934;8,62561;10,2416;11,6635;13,1919;14,6432;15,9109;17,1606
491;;0,0229249;2,3324;4,61646;6,53357;8,41882;9,98413;11,3926;12,8744;14,2975;15,5081;16,7592
492;;0,0232468;2,27502;4,49622;6,37476;8,21387;9,73047;11,1323;12,5649;13,9447;15,1191;16,3624
493;;0,0239077;2,21692;4,38062;6,22583;8,01563;9,48389;10,8877;12,2643;13,6038;14,7534;15,97
494;;0,0248265;2,15674;4,27551;6,08643;7,82666;9,2439;10,6605;11,9839;13,2853;14,421;15,5922
495;;0,0253906;2,10046;4,17944;5,96008;7,6471;9,02576;10,4436;11,7163;12,989;14,1187;15,234
496;;0,0258064;2,05493;4,09412;5,84229;7,4845;8,83789;10,2301;11,4656;12,7199;13,8491;14,9026
497;;0,0267034;2,01794;4,0221;5,73499;7,3418;8,677;10,0251;11,2319;12,4924;13,6016;14,6133
498;;0,0265703;1,99097;3,96094;5,63892;7,21961;8,54236;9,83728;11,0261;12,3005;13,3806;14,3701
499;;0,0254579;1,96973;3,91065;5,55139;7,11768;8,43225;9,66956;10,8453;12,1289;13,1885;14,1606
500;;0,0252214;1,94946;3,87195;5,46631;7,03125;8,34302;9,52832;10,6948;11,98;13,0085;13,979
501;;0,026053;1,93042;3,83643;5,39002;6,95288;8,26379;9,41101;10,5732;11,8529;12,8464;13,8252
502;;0,026258;1,90991;3,79724;5,32568;6,88245;8,19324;9,31519;10,4744;11,733;12,7058;13,6853
503;;0,0266943;1,88538;3,75659;5,26758;6,82056;8,1239;9,23279;10,3763;11,6118;12,575;13,5475
504;;0,0270605;1,86194;3,71289;5,21082;6,75623;8,05005;9,15125;10,2738;11,4866;12,4401;13,4153
505;;0,027617;1,83997;3,66675;5,16016;6,6897;7,96582;9,05457;10,1666;11,353;12,3037;13,2689
506;;0,0279341;1,81482;3,62024;5,11194;6,61755;7,86829;8,95056;10,0465;11,2008;12,1541;13,1039
507;;0,0280151;1,78674;3,57471;5,05457;6,53418;7,74805;8,83362;9,90784;11,0361;11,9941;12,9174
508;;0,0277767;1,75659;3,52087;4,98755;6,43042;7,60498;8,69251;9,75696;10,8563;11,813;12,7034
509;;0,028604;1,72119;3,45886;4,91626;6,31653;7,44617;8,53601;9,58814;10,6667;11,604;12,4613
510;;0,0293574;1,68298;3,38721;4,8363;6,18872;7,28064;8,37549;9,39905;10,4626;11,3751;12,2091
511;;0,0304103;1,64331;3,30518;4,7417;6,04932;7,1084;8,20129;9,19263;10,2485;11,1265;11,938
512;;0,0317097;1,60547;3,21423;4,63525;5,90234;6,93506;8,01331;8,97327;10,0151;10,8467;11,6509
513;;0,0338798;1,56885;3,12549;4,52271;5,75281;6,76392;7,81799;8,74365;9,76709;10,5579;11,3573
514;;0,0359869;1,5354;3,03796;4,39563;5,59985;6,59241;7,60901;8,51318;9,50525;10,2688;11,0544
515;;0,0374789;1,50366;2,9519;4,26343;5,4447;6,41345;7,38599;8,28088;9,24036;9,97925;10,7502
516;;0,0379868;1,47217;2,86975;4,13342;5,29248;6,23596;7,1593;8,04736;8,97302;9,69592;10,4524
517;;0,0384693;1,43457;2,79016;4,00378;5,14417;6,0625;6,93787;7,81714;8,71106;9,42725;10,1586
518;;0,0392246;1,3938;2,71265;3,86963;4,99817;5,89185;6,72766;7,58948;8,45215;9,15881;9,86987
519;;0,0396919;1,35327;2,63757;3,74683;4,8512;5,72632;6,5304;7,36194;8,19812;8,89478;9,59338
520;;0,0403214;1,31116;2,5658;3,62634;4,71191;5,56531;6,344;7,1438;7,95178;8,63574;9,31384
521;;0,0405335;1,26672;2,49072;3,50867;4,57141;5,4032;6,16089;6,93225;7,70789;8,37866;9,0282
522;;0,0414934;1,22632;2,41711;3,39917;4,42822;5,23694;5,97754;6,72339;7,46423;8,12024;8,74475
523;;0,0419431;1,18884;2,34204;3,29968;4,28662;5,07251;5,79297;6,51575;7,22717;7,86658;8,46436
524;;0,0420208;1,14868;2,26172;3,19824;4,14966;4,90735;5,61023;6,3147;6,99414;7,61096;8,18469
525;;0,0417161;1,10913;2,17749;3,1012;4,01062;4,74255;5,43042;6,10962;6,75562;7,3562;7,91162
526;;0,0425038;1,07227;2,10034;3,00464;3,87415;4,58191;5,25671;5,90576;6,51978;7,10327;7,64856
527;;0,0427847;1,03613;2,02637;2,90503;3,7439;4,43103;5,08472;5,7002;6,29419;6,85632;7,39148
528;;0,0423794;1,00195;1,95459;2,80396;3,61926;4,2843;4,91382;5,50305;6,07861;6,61353;7,14551
529;;0,0416827;0,971558;1,89172;2,71106;3,50232;4,14136;4,74573;5,31287;5,87134;6,38403;6,90979
530;;0,0416822;0,941651;1,83325;2,62085;3,39258;4,00391;4,58106;5,1355;5,67493;6,16626;6,68262
531;;0,0420575;0,912834;1,77502;2,53528;3,28992;3,87024;4,42261;4,96558;5,49414;5,96069;6,46546
532;;0,0423479;0,887802;1,71741;2,45618;3,18909;3,73901;4,27441;4,81006;5,32275;5,76392;6,26245
533;;0,0426016;0,86193;1,66211;2,3822;3,08789;3,61267;4,1366;4,66187;5,15479;5,58289;6,0647
534;;0,0429482;0,834939;1,60425;2,30457;2,98279;3,49341;4,00415;4,51648;4,99439;5,41333;5,86816
535;;0,0435433;0,808745;1,5509;2,22827;2,87585;3,3822;3,87671;4,36987;4,84326;5,24866;5,67786
536;;0,0434852;0,784564;1,49939;2,15173;2,76709;3,28064;3,75171;4,22961;4,69629;5,08594;5,49463
537;;0,0429878;0,757444;1,44885;2,08118;2,66321;3,18408;3,62903;4,09412;4,54968;4,93079;5,31751
538;;0,0427747;0,730115;1,39807;2,01514;2,56812;3,08984;3,50806;3,9613;4,40735;4,7793;5,14539
539;;0,0432119;0,703363;1,35278;1,95532;2,48169;2,99902;3,39258;3,83313;4,2677;4,62781;4,98315
540;;0,0432162;0,679429;1,30847;1,89856;2,39917;2,90906;3,28149;3,71045;4,12878;4,48291;4,82764
541;;0,0430207;0,657542;1,26575;1,84656;2,32776;2,81677;3,1731;3,59326;3,98938;4,34741;4,6731
542;;0,0428505;0,637929;1,22656;1,78992;2,26184;2,72351;3,06921;3,48169;3,85742;4,21606;4,51746
543;;0,0427575;0,619921;1,18958;1,72937;2,19409;2,63257;2,96729;3,37366;3,73181;4,08472;4,36536
544;;0,0420914;0,603455;1,15149;1,66724;2,12341;2,54089;2,86572;3,26636;3,61157;3,95569;4,21912
545;;0,0409436;0,586987;1,11414;1,60547;2,05652;2,4502;2,76721;3,16296;3,49585;3,823;4,0791
546;;0,039228;0,568314;1,07715;1,54504;1,98669;2,36011;2,67615;3,05872;3,38745;3,6886;3,94959
547;;0,0373588;0,547312;1,03711;1,48926;1,91626;2,27124;2,58887;2,95142;3,27771;3,55542;3,82373
548;;0,0358596;0,525454;0,998657;1,43921;1,84802;2,18457;2,50757;2,84497;3,16565;3,42529;3,69934
549;;0,0348454;0,505009;0,963745;1,3927;1,78406;2,104;2,42957;2,74548;3,0531;3,29834;3,57739
550;;0,0334239;0,48505;0,929932;1,34924;1,72351;2,02844;2,35205;2,65259;2,94592;3,18005;3,45972
551;;0,0325818;0,464674;0,897339;1,30737;1,66772;1,96008;2,2738;2,56482;2,83826;3,06946;3,34192
552;;0,032536;0,448103;0,871061;1,26453;1,61353;1,89978;2,19678;2,48242;2,73425;2,96362;3,23193
553;;0,0324612;0,436119;0,849545;1,22119;1,56091;1,84363;2,12085;2,4043;2,63709;2,86243;3,13135
554;;0,0317898;0,425533;0,827267;1,17969;1,51111;1,78857;2,04944;2,32703;2,54895;2,76868;3,03174
555;;0,0324998;0,413107;0,804343;1,14014;1,46423;1,73352;1,98608;2,24866;2,46484;2,68176;2,93213
556;;0,0330434;0,401548;0,782965;1,10266;1,41663;1,67603;1,92859;2,1709;2,38647;2,59729;2,83667
557;;0,0336566;0,390791;0,762983;1,06689;1,37012;1,62024;1,87244;2,09351;2,31397;2,51636;2,7428
558;;0,0338573;0,379475;0,740494;1,03259;1,32837;1,56751;1,81555;2,01929;2,24634;2,43628;2,64807
559;;0,03368;0,367036;0,716498;1,00049;1,28796;1,51697;1,75855;1,948;2,18054;2,35779;2,5592
560;;0,0327196;0,356115;0,693974;0,970215;1,24597;1,46899;1,69836;1,87976;2,11682;2,27942;2,47583
561;;0,0322247;0,346144;0,672294;0,939453;1,20422;1,42603;1,6344;1,81531;2,05383;2,20349;2,39612
562;;0,0310206;0,33675;0,647428;0,912842;1,16443;1,38416;1,56982;1,75586;1,99084;2,12805;2,3197
563;;0,0289888;0,327736;0,621952;0,887452;1,12549;1,34204;1,51001;1,70044;1,92712;2,05847;2,25012
564;;0,0272417;0,317209;0,601131;0,861368;1,08923;1,29883;1,4574;1,64893;1,86096;1,98926;2,18384
565;;0,0260167;0,307152;0,582345;0,831109;1,05432;1,25513;1,40942;1,599;1,79224;1,92102;2,11597
566;;0,0244966;0,299502;0,565048;0,800203;1,02222;1,2113;1,36597;1,55127;1,72607;1,85388;2,04541
567;;0,0228329;0,291173;0,548871;0,770742;0,989868;1,16772;1,33032;1,50525;1,66577;1,79211;1,97607
568;;0,0222964;0,280642;0,533877;0,7454;0,957764;1,12732;1,29919;1,4574;1,60999;1,73584;1,90759
569;;0,0225096;0,271052;0,517021;0,720949;0,929443;1,08862;1,26392;1,40613;1,5592;1,68677;1,83728
570;;0,0221834;0,26355;0,500172;0,699031;0,903687;1,05261;1,22668;1,35498;1,51257;1,64136;1,76904
571;;0,0216093;0,256254;0,483593;0,679601;0,878752;1,01965;1,18872;1,30542;1,46777;1,59766;1,70825
572;;0,0212374;0,246702;0,467068;0,65879;0,858411;0,986694;1,1499;1,25891;1,42163;1,5531;1,65051
573;;0,0204678;0,235854;0,450057;0,635755;0,837591;0,950928;1,11011;1,21777;1,37598;1,50391;1,59265
574;;0,0195475;0,228303;0,435528;0,612176;0,80956;0,919922;1,0719;1,18347;1,32947;1,44861;1,53955
575;;0,0191779;0,220696;0,421369;0,591852;0,780831;0,893921;1,03577;1,1521;1,28284;1,39343;1,49207
576;;0,0191298;0,211855;0,405352;0,575062;0,752547;0,869141;1,0033;1,12219;1,23962;1,34265;1,44495
577;;0,0193276;0,205833;0,391649;0,559719;0,723837;0,845998;0,972412;1,09131;1,20105;1,29602;1,4021
578;;0,0197864;0,203132;0,381831;0,545161;0,696397;0,823807;0,941773;1,05762;1,16199;1,25549;1,36218
579;;0,0199628;0,198271;0,371088;0,532676;0,672665;0,798416;0,913086;1,02209;1,12671;1,22168;1,32288
580;;0,019887;0,191362;0,359781;0,520766;0,649941;0,770784;0,887082;0,987793;1,09949;1,18811;1,28308
581;;0,0196724;0,183321;0,349402;0,507876;0,62884;0,744017;0,863447;0,952881;1,07141;1,15295;1,245
582;;0,019979;0,175067;0,340217;0,492349;0,607591;0,71731;0,837961;0,918335;1,04041;1,11768;1,20496
583;;0,0213013;0,168444;0,331485;0,473368;0,589122;0,693749;0,809794;0,887329;1,01172;1,08057;1,16382
584;;0,0223045;0,1644;0,322648;0,455686;0,572339;0,674799;0,779994;0,857196;0,984741;1,04309;1,12378
585;;0,0227733;0,162743;0,314067;0,440437;0,556979;0,656058;0,752708;0,830657;0,955444;1,00842;1,08813
586;;0,0233221;0,161105;0,306723;0,424289;0,54169;0,634834;0,724748;0,808567;0,926026;0,977295;1,05518
587;;0,0233173;0,160329;0,298031;0,408697;0,52573;0,615079;0,699851;0,787506;0,897291;0,946411;1,02429
588;;0,0224037;0,158989;0,28737;0,398513;0,507122;0,596649;0,679722;0,765212;0,869732;0,917969;0,998291
589;;0,0214047;0,155527;0,277752;0,389254;0,489582;0,578094;0,665633;0,746337;0,842113;0,891213;0,975342
590;;0,0211988;0,149839;0,26963;0,375058;0,472975;0,559257;0,649862;0,727431;0,812157;0,86745;0,950562
591;;0,0212913;0,146295;0,263013;0,360241;0,45831;0,541714;0,633633;0,706862;0,782981;0,843804;0,924072
592;;0,0215888;0,142701;0,256076;0,34896;0,445039;0,526717;0,61586;0,688017;0,755752;0,823197;0,895743
593;;0,022408;0,137451;0,248767;0,339162;0,433777;0,512964;0,597607;0,670285;0,731504;0,802509;0,866254
594;;0,023663;0,131378;0,241138;0,329153;0,422965;0,497258;0,577672;0,650118;0,708781;0,782431;0,837076
595;;0,025178;0,126842;0,232746;0,322202;0,412614;0,482083;0,559489;0,628601;0,688389;0,761842;0,809206
596;;0,0270834;0,122648;0,223609;0,31618;0,400289;0,46869;0,543197;0,607162;0,670918;0,740616;0,781702
597;;0,028554;0,117915;0,216648;0,310904;0,387921;0,455842;0,530503;0,586176;0,656262;0,715997;0,757565
598;;0,029171;0,113357;0,21039;0,304028;0,376108;0,442765;0,520279;0,568729;0,640307;0,690917;0,73706
599;;0,0302067;0,109303;0,204928;0,296669;0,364467;0,431867;0,510445;0,555964;0,621125;0,667523;0,717328
600;;0,0309253;0,106812;0,201179;0,289003;0,352038;0,42404;0,497522;0,54267;0,602246;0,644163;0,698045
601;;0,0315251;0,104699;0,197778;0,283814;0,340304;0,418867;0,482422;0,52949;0,585028;0,622049;0,680943
602;;0,032321;0,102132;0,193452;0,27911;0,331859;0,412837;0,466467;0,516329;0,568104;0,604373;0,665333
603;;0,0331855;0,0994487;0,189692;0,274828;0,325462;0,405809;0,449811;0,502554;0,550658;0,591014;0,647959
604;;0,0338545;0,0985527;0,184774;0,269001;0,318677;0,396889;0,432866;0,487085;0,536776;0,577828;0,62911
605;;0,0342798;0,0960765;0,178908;0,263471;0,31151;0,387778;0,419576;0,473492;0,524819;0,564702;0,609341
606;;0,0338483;0,0927033;0,172874;0,256654;0,304722;0,377197;0,40843;0,461275;0,511933;0,551613;0,591471
607;;0,0339503;0,0905204;0,166539;0,246531;0,296229;0,365133;0,396009;0,450617;0,498575;0,536272;0,574227
608;;0,0347214;0,0894289;0,160725;0,235562;0,286299;0,352044;0,384069;0,440149;0,48675;0,519578;0,556807
609;;0,0357976;0,087873;0,157308;0,22693;0,27733;0,340078;0,373572;0,42794;0,475458;0,503749;0,540995
610;;0,0368772;0,0862584;0,155467;0,219263;0,268885;0,327807;0,36351;0,415924;0,464613;0,488783;0,52781
611;;0,0385075;0,0834174;0,152526;0,212594;0,26114;0,316222;0,354527;0,405086;0,452653;0,476313;0,513854
612;;0,0395169;0,0797944;0,148828;0,20784;0,253867;0,305864;0,347704;0,394269;0,440177;0,468755;0,499234
613;;0,0406094;0,0760646;0,14486;0,201991;0,246766;0,298504;0,340551;0,380553;0,42694;0,461071;0,485199
614;;0,0413652;0,0728426;0,140821;0,194933;0,238416;0,295013;0,331422;0,367668;0,41352;0,449799;0,471247
615;;0,0419812;0,0703673;0,135438;0,187903;0,232915;0,290657;0,320721;0,357289;0,400525;0,436698;0,458891
616;;0,0423102;0,0689702;0,130377;0,180362;0,2304;0,283997;0,309925;0,348828;0,389379;0,423542;0,446732
617;;0,0425801;0,0676594;0,126846;0,173273;0,227323;0,277997;0,3;0,339992;0,379034;0,409;0,434045
618;;0,0419421;0,0668349;0,124833;0,16844;0,223537;0,271584;0,291209;0,332518;0,370554;0,394709;0,421093
619;;0,0411096;0,0660415;0,122287;0,16564;0,220217;0,262583;0,284742;0,324868;0,36338;0,383131;0,409978
620;;0,0401793;0,0659542;0,119091;0,161707;0,215604;0,253686;0,2792;0,315022;0,355503;0,375526;0,398439
621;;0,0396013;0,0657024;0,116651;0,157228;0,209202;0,245199;0,274364;0,30262;0,347011;0,368003;0,388201
622;;0,0391216;0,0664697;0,114785;0,153199;0,202101;0,237084;0,268848;0,289798;0,338961;0,359086;0,379686
623;;0,0389495;0,0677204;0,112868;0,148985;0,194578;0,229268;0,261907;0,279657;0,329584;0,349279;0,37392
624;;0,0385375;0,0673618;0,10964;0,144939;0,189574;0,221885;0,255251;0,274531;0,318368;0,340532;0,36833
625;;0,0386314;0,0646691;0,105637;0,142804;0,185066;0,215283;0,24999;0,270656;0,307399;0,332072;0,361732
626;;0,0386844;0,0626402;0,104164;0,140262;0,179544;0,209093;0,244447;0,266247;0,297384;0,322747;0,353278
627;;0,0388284;0,0607452;0,103812;0,136486;0,175069;0,202771;0,237599;0,261343;0,287477;0,312778;0,343412
628;;0,0387278;0,0583081;0,100889;0,133408;0,172274;0,196538;0,230877;0,256492;0,281268;0,304719;0,333789
629;;0,0389128;0,0555344;0,0972324;0,129629;0,168922;0,189113;0,224623;0,249329;0,2784;0,298184;0,323385
630;;0,0389676;0,0528936;0,0958018;0,124995;0,164898;0,182195;0,219059;0,240773;0,275462;0,291675;0,312746
631;;0,0388012;0,0509138;0,0932341;0,12183;0,160206;0,178079;0,212436;0,232379;0,270997;0,284246;0,302707
632;;0,0383544;0,0494156;0,0893965;0,120383;0,156155;0,174612;0,205602;0,226423;0,267004;0,277101;0,294008
633;;0,0379739;0,0480433;0,0868826;0,119401;0,153641;0,171189;0,199319;0,220837;0,260259;0,269935;0,283408
634;;0,0376177;0,0476341;0,0871377;0,11809;0,150597;0,169388;0,192485;0,215335;0,250967;0,262052;0,274094
635;;0,0365467;0,0497594;0,0890546;0,116462;0,146646;0,167384;0,184874;0,211095;0,241831;0,252358;0,265891
636;;0,0353999;0,0513849;0,0894003;0,1146;0,14238;0,165387;0,178743;0,208623;0,234434;0,244983;0,259182
637;;0,0342274;0,0513949;0,0879846;0,112458;0,139205;0,163981;0,175879;0,207133;0,226951;0,240726;0,255434
638;;0,0330257;0,0495181;0,085526;0,109427;0,135304;0,162693;0,175723;0,20434;0,220421;0,238847;0,254111
639;;0,0316644;0,0496092;0,0838485;0,106002;0,130706;0,160492;0,174992;0,199366;0,214826;0,235971;0,251946
640;;0,0309229;0,0496006;0,0813942;0,101778;0,12662;0,158448;0,172401;0,194727;0,209879;0,232831;0,248741
641;;0,0299354;0,0496459;0,0787649;0,0986929;0,125296;0,154707;0,168851;0,191121;0,20661;0,229195;0,2452
642;;0,0293965;0,0489388;0,075861;0,0962138;0,123198;0,150131;0,164718;0,187264;0,205551;0,2248;0,238552
643;;0,0291724;0,0490213;0,0750504;0,0934749;0,120063;0,143839;0,160051;0,183201;0,203243;0,218393;0,229749
644;;0,0291772;0,0482807;0,0731659;0,0902753;0,116546;0,138446;0,15535;0,17962;0,2003;0,212788;0,221102
645;;0,0284095;0,046617;0,0696974;0,0882578;0,114179;0,13313;0,151069;0,175642;0,197535;0,20786;0,214303
646;;0,0273328;0,0441303;0,0661922;0,0859103;0,112125;0,128401;0,147324;0,17094;0,193661;0,203208;0,208024
647;;0,0258675;0,0427341;0,0646224;0,0826449;0,109229;0,123445;0,143782;0,164826;0,188433;0,198556;0,203005
648;;0,0235314;0,0429697;0,0635948;0,0794768;0,105942;0,119585;0,139068;0,159127;0,182997;0,193849;0,199887
649;;0,0211163;0,0427728;0,0616436;0,0787897;0,102815;0,117099;0,13411;0,155089;0,17718;0,188636;0,196224
650;;0,0195718;0,0428829;0,0592399;0,0800734;0,100366;0,116838;0,130304;0,151736;0,172688;0,184473;0,193121
651;;0,0187922;0,0425367;0,0581584;0,0813155;0,0973606;0,11571;0,12869;0,14776;0,167969;0,18118;0,190905
652;;0,0184822;0,0438128;0,0584192;0,0812631;0,0943585;0,114075;0,126127;0,14322;0,161727;0,177709;0,188326
653;;0,0191665;0,04603;0,0579948;0,0797696;0,0910521;0,113323;0,122039;0,139296;0,156657;0,173594;0,183264
654;;0,0193472;0,0475721;0,0567212;0,0789332;0,089849;0,112341;0,119628;0,136372;0,154737;0,169666;0,178702
655;;0,0189972;0,0475607;0,0544639;0,0777402;0,0879126;0,109383;0,119727;0,134029;0,152499;0,166741;0,1753
656;;0,0184412;0,0487285;0,0530868;0,074729;0,0855255;0,10687;0,119222;0,13238;0,149647;0,16395;0,172407
657;;0,0176468;0,0493474;0,0516315;0,0717564;0,0840416;0,104603;0,117693;0,13213;0,146394;0,161706;0,169375
658;;0,0164466;0,0481601;0,049264;0,0711837;0,0843749;0,102881;0,116045;0,132156;0,145158;0,160215;0,168125
659;;0,0160561;0,0467176;0,047802;0,0689254;0,0842719;0,099989;0,115694;0,131457;0,144504;0,158511;0,168257
660;;0,0165319;0,0460229;0,0487089;0,0649777;0,0834155;0,0973377;0,114735;0,129975;0,14346;0,155983;0,165531
661;;0,0168276;0,0454803;0,0482469;0,0619397;0,0814629;0,0948987;0,112597;0,128811;0,141518;0,152695;0,160218
662;;0,0172105;0,0442247;0,0460734;0,0614424;0,0789347;0,0951758;0,110789;0,12601;0,140267;0,148197;0,154502
663;;0,0178108;0,0426068;0,0437861;0,062861;0,0763326;0,0964685;0,111022;0,121921;0,138286;0,142765;0,150343
664;;0,0181603;0,0412822;0,0426326;0,0647636;0,074111;0,096807;0,109591;0,11787;0,13425;0,13745;0,147296
665;;0,0180712;0,0407801;0,0426536;0,0660224;0,0728083;0,0948033;0,106494;0,11473;0,128194;0,132493;0,144908
666;;0,0182056;0,0407524;0,0433412;0,0671191;0,0715818;0,0932264;0,102161;0,110692;0,123578;0,127763;0,142083
667;;0,0183153;0,040091;0,0434861;0,0687738;0,0706983;0,0909162;0,0994353;0,109007;0,12245;0,122748;0,140479
668;;0,0186086;0,0394092;0,0429549;0,0679998;0,0694022;0,0871248;0,0990796;0,108698;0,120492;0,120179;0,139019
669;;0,0190425;0,0397587;0,0421357;0,0651798;0,0674124;0,0835133;0,0981736;0,107952;0,117353;0,11958;0,136453
670;;0,0200529;0,039855;0,0399237;0,0615821;0,0663195;0,0812359;0,0956831;0,105376;0,115642;0,118228;0,134214
671;;0,0214005;0,039341;0,0373931;0,0597587;0,0663338;0,0801449;0,0933886;0,101471;0,115551;0,116072;0,132597
672;;0,0232377;0,0381837;0,0361762;0,0565901;0,0665927;0,0784216;0,0917111;0,0969834;0,113634;0,114112;0,130415
673;;0,0255704;0,0367808;0,0367198;0,0536494;0,0674267;0,0761242;0,0880127;0,0933952;0,110886;0,112121;0,127042
674;;0,0276985;0,0351725;0,0368934;0,0514889;0,0671721;0,0749378;0,0848537;0,0895524;0,107025;0,110315;0,122655
675;;0,0291595;0,0334029;0,0370793;0,0523133;0,0646935;0,0766873;0,0823603;0,0860701;0,103148;0,108232;0,117445
676;;0,0303707;0,0310535;0,0364914;0,0534434;0,0622745;0,078229;0,0816207;0,0847411;0,0995226;0,105084;0,114521
677;;0,0311542;0,030036;0,0349584;0,0540419;0,0610824;0,0783892;0,0798588;0,0842395;0,0962262;0,102549;0,113653
678;;0,0314789;0,0304251;0,0345583;0,0531921;0,0601888;0,0775848;0,0771108;0,0834084;0,0929861;0,0995622;0,112288
679;;0,0314274;0,0306382;0,0349035;0,054112;0,0592737;0,0776811;0,0738216;0,0821948;0,0923591;0,095254;0,109433
680;;0,0318856;0,0307031;0,0348072;0,0552559;0,0582762;0,0770922;0,0722928;0,0813098;0,093358;0,090735;0,10887
681;;0,0325036;0,0308447;0,035305;0,055182;0,0584154;0,075438;0,0715947;0,0810905;0,091908;0,089242;0,109024
682;;0,0333686;0,0309258;0,0365419;0,0546413;0,0581431;0,0732827;0,0705023;0,0800242;0,0884709;0,0899;0,107901
683;;0,0342984;0,0300803;0,0360203;0,0544472;0,0573444;0,0708871;0,0692377;0,0776115;0,086472;0,0899615;0,106019
684;;0,0359225;0,0285749;0,0351667;0,0540605;0,0567517;0,0685692;0,0685129;0,0753317;0,0847578;0,0893722;0,105513
685;;0,0372467;0,0267549;0,0342336;0,0523014;0,0580683;0,0651631;0,0675621;0,0749555;0,0827212;0,0893579;0,104329
686;;0,0382123;0,0249143;0,033051;0,0496297;0,0581708;0,0614443;0,0657044;0,0749765;0,0811448;0,0896854;0,101626
687;;0,038548;0,0229578;0,0318432;0,0469461;0,0565367;0,0591965;0,0639854;0,0741348;0,0796261;0,0896692;0,0978308
688;;0,0386133;0,021657;0,0313249;0,0453701;0,0530276;0,0607305;0,0618258;0,0724955;0,077632;0,0886078;0,09443
689;;0,0384374;0,0208559;0,0308251;0,0430636;0,0513725;0,0612869;0,0598979;0,0724182;0,0762191;0,0862913;0,0927253
690;;0,0382652;0,0202565;0,0301318;0,0407176;0,0504932;0,0610118;0,058228;0,0729904;0,0739818;0,0848527;0,0910435
691;;0,0381761;0,0203724;0,0302668;0,0385847;0,0500403;0,0595064;0,0564041;0,0728808;0,07195;0,0831337;0,0887585
692;;0,0386481;0,0211749;0,0316348;0,0376463;0,0494685;0,0595226;0,0558806;0,0717859;0,0709353;0,0799356;0,0860167
693;;0,0392242;0,0212617;0,0325785;0,0379858;0,0493708;0,0592861;0,0564456;0,0705953;0,0704355;0,0766735;0,0849605
694;;0,0399256;0,021606;0,0329909;0,0388703;0,0498796;0,0585685;0,0562368;0,0697174;0,068068;0,07517;0,0839214
695;;0,0404806;0,0220022;0,0337009;0,0391603;0,0497642;0,0577335;0,05514;0,0668545;0,065908;0,0749607;0,0819106
696;;0,0416656;0,0226979;0,0356121;0,0400863;0,0490494;0,0582919;0,0546265;0,0622172;0,0649605;0,0731211;0,0787397
697;;0,0430547;0,0234149;0,0365324;0,0416704;0,0486657;0,0591748;0,0505216;0,0578359;0,0635542;0,0690155;0,0774734
698;;0,0445962;0,0232789;0,0382291;0,0422663;0,0538204;0,0579238;0,0436213;0,0582245;0,0666976;0,0590324;0,07518
699;;0,0442177;0,0189632;0,0267714;0,0361413;0,0720263;0,0391334;0,0519574;0,083524;0,0742823;0,0769526;0,0745386
700;;0,0389576;0,0383496;0,0568509;0,0341177;0,059104;0,0101447;0,0849962;0,0707865;0,0689387;0,0952006;0,0507116
