Wavelenght (nm);Concentration (mol.L-1);SpectreABs_1;SpectreABs_2;SpectreABs_3;SpectreABs_4;SpectreABs_5;SpectreABs_6;SpectreABs_7;SpectreABs_8;SpectreABs_9;SpectreABs_10;SpectreABs_11
320;0;-0,00293363;0,179292;0,341403;0,485189;0,61396;0,718124;0,799658;0,863501;0,920831;0,958169;0,968839
321;4,72527E-05;-0,00100069;0,195022;0,37893;0,554684;0,725531;0,885258;1,01655;1,15515;1,30845;1,44037;1,5367
322;9,3398E-05;-0,000246232;0,196498;0,383409;0,562208;0,740691;0,907751;1,0502;1,20452;1,36954;1,5101;1,62793
323;0,000138474;0,000202502;0,196469;0,383283;0,56191;0,742114;0,90853;1,05735;1,21299;1,3806;1,52002;1,65554
324;0,000182518;-7,42314E-05;0,195603;0,38221;0,56085;0,740896;0,906507;1,05729;1,21216;1,37968;1,5231;1,66721
325;0,000225565;-0,000355705;0,195539;0,38248;0,562074;0,743391;0,91055;1,06374;1,22101;1,39062;1,53835;1,69094
326;0,000267648;-0,000555313;0,195001;0,381552;0,561191;0,741828;0,908068;1,06112;1,21747;1,38451;1,53273;1,68837
327;0,000308799;-0,000824399;0,195003;0,382017;0,56225;0,742724;0,908958;1,06188;1,21848;1,38491;1,53349;1,68962
328;0,000349049;-0,00104126;0,195588;0,383513;0,564883;0,74593;0,912959;1,0659;1,22328;1,39187;1,53998;1,69442
329;0,000388428;-0,00112924;0,197067;0,386527;0,569703;0,751919;0,920231;1,07368;1,23359;1,40409;1,55199;1,7049
330;0,000426962;-0,000915098;0,19905;0,390874;0,576394;0,760589;0,929645;1,08574;1,24722;1,42227;1,57128;1,72361
331;;-0,00100056;0,201356;0,396094;0,583901;0,770966;0,941653;1,1;1,26322;1,44297;1,59512;1,74817
332;;-0,00107393;0,204324;0,402053;0,592734;0,783365;0,955177;1,1163;1,28056;1,4636;1,61903;1,77682
333;;-0,00116331;0,207509;0,408693;0,602395;0,797065;0,970551;1,13545;1,30034;1,48669;1,64453;1,80532
334;;-0,00144844;0,211013;0,415886;0,612517;0,811351;0,987224;1,15584;1,32033;1,51179;1,67183;1,82994
335;;-0,00170927;0,214865;0,423393;0,623084;0,826125;1,00507;1,17619;1,3414;1,5361;1,69539;1,85064
336;;-0,0018367;0,219029;0,431141;0,634367;0,840894;1,02275;1,19692;1,36396;1,56229;1,72136;1,8659
337;;-0,00162803;0,223083;0,439134;0,645724;0,855095;1,0408;1,21806;1,38812;1,59165;1,74975;1,87866
338;;-0,00158637;0,227098;0,44689;0,656801;0,86915;1,05882;1,23706;1,4116;1,61719;1,77994;1,89138
339;;-0,00109299;0,231095;0,454438;0,667547;0,883299;1,07645;1,25577;1,43449;1,64109;1,80979;1,90925
340;;-0,000782875;0,234569;0,461374;0,677365;0,896126;1,0926;1,27373;1,45667;1,66494;1,84093;1,9304
341;;-0,000458143;0,237787;0,468018;0,686468;0,908286;1,10798;1,28984;1,47655;1,68666;1,86272;1,94894
342;;-0,000289286;0,240574;0,473746;0,694536;0,919233;1,12117;1,304;1,49377;1,70424;1,88083;1,97006
343;;-5,45639E-05;0,242889;0,478826;0,701777;0,928846;1,13172;1,31724;1,50887;1,71926;1,89015;1,99474
344;;6,34902E-05;0,244504;0,482839;0,707541;0,936335;1,14009;1,32762;1,52216;1,73185;1,8901;2,01323
345;;0,000149717;0,245949;0,486016;0,712046;0,942;1,14692;1,33501;1,53206;1,73881;1,88511;2,0238
346;;0,000353871;0,246753;0,487929;0,71467;0,945792;1,1511;1,34172;1,53904;1,74293;1,8817;2,04522
347;;0,000268466;0,246927;0,4888;0,715347;0,947825;1,15334;1,34619;1,54184;1,74286;1,87317;2,0618
348;;0,000243823;0,246855;0,488535;0,714375;0,947081;1,15359;1,34747;1,54112;1,7411;1,86541;2,06575
349;;0,000042959;0,246261;0,486937;0,712347;0,943923;1,15108;1,3461;1,53623;1,73418;1,86073;2,07591
350;;-5,46565E-05;0,245105;0,484427;0,708897;0,93903;1,14566;1,34174;1,52824;1,7261;1,85746;2,07879
351;;-0,000147666;0,24351;0,480758;0,704151;0,931783;1,13771;1,33243;1,51776;1,7111;1,84844;2,062
352;;-0,000134729;0,241729;0,476038;0,698075;0,922397;1,12718;1,31901;1,50551;1,69281;1,84015;2,03545
353;;-0,000134225;0,238875;0,47011;0,690397;0,911095;1,11406;1,30224;1,49084;1,6729;1,82733;2,0092
354;;-0,000295895;0,235445;0,463513;0,680424;0,898079;1,09863;1,28107;1,4732;1,65142;1,80851;1,96622
355;;-0,000347886;0,231266;0,455708;0,668731;0,883184;1,08118;1,25789;1,45168;1,62637;1,78142;1,93188
356;;-0,000184523;0,225969;0,444319;0,652027;0,859833;1,05104;1,22023;1,40771;1,57855;1,7253;1,8683
357;;0,00060194;0,220062;0,431497;0,633752;0,833079;1,01689;1,17896;1,35643;1,52537;1,66315;1,80111
358;;0,000843207;0,21451;0,416883;0,613673;0,803699;0,979272;1,13619;1,29732;1,46248;1,5926;1,72597
359;;0,00176398;0,208916;0,401391;0,592718;0,772176;0,937719;1,09153;1,23448;1,39225;1,51621;1,64236
360;;0,00196841;0,203208;0,38427;0,569847;0,737689;0,890712;1,04206;1,16624;1,31702;1,43132;1,54335
361;;0,00182148;0,198244;0,372145;0,552741;0,714894;0,862097;1,01486;1,13036;1,2803;1,39326;1,49532
362;;0,000302348;0,191946;0,358726;0,533243;0,691278;0,833074;0,986264;1,09604;1,24306;1,34753;1,45015
363;;-0,000218294;0,184478;0,347021;0,513231;0,667691;0,804155;0,952968;1,0665;1,2094;1,30773;1,40654
364;;-0,00155925;0,175373;0,33369;0,491274;0,642906;0,775571;0,918385;1,03548;1,17767;1,26863;1,37378
365;;-0,00179873;0,165742;0,320782;0,469307;0,618331;0,750542;0,885337;1,00713;1,14459;1,23496;1,34209
366;;-0,00233389;0,154453;0,303409;0,441875;0,5857;0,713919;0,838926;0,960075;1,0906;1,17827;1,28703
367;;-0,00138514;0,144593;0,287477;0,417199;0,555215;0,678953;0,793766;0,914384;1,03825;1,12784;1,22897
368;;-0,000322747;0,134939;0,270108;0,392318;0,524728;0,643037;0,750912;0,8651;0,983386;1,07407;1,17303
369;;0,000804532;0,127017;0,253826;0,368987;0,494855;0,608141;0,709215;0,817196;0,92825;1,02011;1,11384
370;;0,00207372;0,119177;0,238608;0,347071;0,465872;0,57171;0,667978;0,770406;0,87479;0,966894;1,05702
371;;0,00382225;0,112542;0,224547;0,327205;0,437648;0,536805;0,626694;0,726095;0,822922;0,912507;1,00067
372;;0,00452245;0,105751;0,211022;0,306815;0,408721;0,501282;0,586358;0,680336;0,771312;0,857626;0,944791
373;;0,00427843;0,0989364;0,197767;0,287043;0,380171;0,466337;0,54723;0,636733;0,721742;0,802875;0,885972
374;;0,0042088;0,0916893;0,184791;0,267512;0,352596;0,431774;0,508269;0,593722;0,673917;0,750049;0,827626
375;;0,00290135;0,0845539;0,170905;0,247223;0,325732;0,398799;0,469768;0,550145;0,627167;0,697263;0,769219
376;;0,00115339;0,0779036;0,157899;0,228301;0,301224;0,367383;0,434684;0,507851;0,581612;0,646459;0,71023
377;;0,000376614;0,0708337;0,144663;0,209409;0,277439;0,337113;0,400225;0,466837;0,536025;0,595747;0,654622
378;;-0,000113452;0,0646258;0,131665;0,191414;0,254795;0,30915;0,366963;0,427381;0,492847;0,548661;0,602097
379;;1,73964E-05;0,0591761;0,120385;0,175506;0,233766;0,282853;0,336414;0,390819;0,451298;0,503223;0,551795
380;;0,000811092;0,0538892;0,109818;0,160708;0,213144;0,257971;0,307174;0,356371;0,411472;0,459157;0,50508
381;;0,00191226;0,0491506;0,0999021;0,146588;0,193254;0,234683;0,279292;0,324344;0,374028;0,417883;0,461541
382;;0,00210416;0,0451029;0,0904754;0,133421;0,174634;0,212111;0,252809;0,294785;0,339046;0,379034;0,418868
383;;0,00233604;0,0417102;0,0824336;0,121684;0,157533;0,191882;0,228229;0,267393;0,306483;0,342402;0,379499
384;;0,00188032;0,03784;0,0739149;0,109177;0,141328;0,172398;0,205161;0,240943;0,275706;0,30772;0,342242
385;;0,00111738;0,0352296;0,0663076;0,097642;0,126859;0,154699;0,184493;0,217119;0,248187;0,276558;0,307803
386;;0,000629435;0,0324122;0,0597697;0,0869076;0,113883;0,138896;0,165468;0,194712;0,22291;0,247658;0,276753
387;;0,000571961;0,0299778;0,0538903;0,077083;0,101984;0,125086;0,148363;0,174203;0,200455;0,222109;0,248508
388;;0,000571702;0,0273265;0,0486723;0,0679742;0,0912109;0,111663;0,133061;0,155501;0,179361;0,198172;0,222561
389;;0,000903526;0,0252204;0,0439099;0,0603934;0,081571;0,100013;0,119048;0,139257;0,160764;0,177093;0,199154
390;;0,00155811;0,0229611;0,0397186;0,0541202;0,0729547;0,0895269;0,106384;0,124197;0,144011;0,158243;0,177832
391;;0,0018255;0,0207424;0,0351665;0,0478534;0,0648266;0,0791176;0,0947871;0,110729;0,128265;0,1408;0,157697
392;;0,00177484;0,0188929;0,031254;0,0430161;0,0578214;0,0701865;0,0845524;0,0989447;0,114445;0,125474;0,139933
393;;0,00188311;0,016992;0,0275488;0,0384312;0,051392;0,0621005;0,0752411;0,0880965;0,10174;0,111744;0,123713
394;;0,00178538;0,0155803;0,0242891;0,0341865;0,0453508;0,0550811;0,0669032;0,0779428;0,0907466;0,0998294;0,109251
395;;0,0017361;0,014192;0,0218716;0,0304531;0,0404506;0,0488829;0,0596079;0,0691096;0,0805237;0,0887547;0,0966358
396;;0,00161632;0,0128092;0,0196694;0,0272486;0,0359063;0,0435009;0,0527762;0,0607519;0,0716163;0,0790886;0,0853621
397;;0,00186395;0,0115939;0,0178354;0,0242041;0,032025;0,0387463;0,0469063;0,0531394;0,0633776;0,0702785;0,0755016
398;;0,00166739;0,0104286;0,0158149;0,0211314;0,0284756;0,034109;0,0413347;0,0462578;0,0558473;0,0619545;0,0665572
399;;0,00139474;0,00910895;0,014118;0,0185984;0,0254017;0,0298483;0,0361245;0,0401685;0,0487296;0,0540706;0,0588603
400;;0,000926575;0,00771594;0,0119819;0,0156614;0,0219324;0,0252431;0,0311368;0,0344489;0,0421374;0,0468464;0,0514424
401;;0,000704336;0,00700031;0,0103378;0,0135189;0,0189895;0,0213752;0,026983;0,029778;0,0366271;0,0406727;0,0451912
402;;0,000429354;0,00613618;0,00902099;0,0115694;0,0164515;0,0177041;0,02324;0,02565;0,0316627;0,0350177;0,0397311
403;;0,00040875;0,0057197;0,00810498;0,0102216;0,0141535;0,0148736;0,0199616;0,0221642;0,0278465;0,0306307;0,034927
404;;0,000563431;0,00541588;0,00766894;0,00913948;0,012443;0,0125595;0,0174628;0,0192357;0,0245518;0,0268612;0,0307464
405;;0,000780481;0,00534385;0,0075206;0,00860765;0,0113814;0,0110249;0,0153802;0,016982;0,0221363;0,0237507;0,0271876
406;;0,000885483;0,00497449;0,00756279;0,00814489;0,0104513;0,00990594;0,0133615;0,0149766;0,0198585;0,0208782;0,0241306
407;;0,000868055;0,0046476;0,00728287;0,00739868;0,00931311;0,00882883;0,011453;0,0134031;0,0176781;0,0183624;0,0212009
408;;0,000893902;0,00450495;0,00730222;0,00716438;0,00865234;0,00829404;0,0100658;0,012246;0,0160375;0,0163207;0,0189353
409;;0,000892907;0,004378;0,00708079;0,00673807;0,00783075;0,00752816;0,00884227;0,011152;0,0144907;0,0143792;0,0168621
410;;0,000829662;0,00445593;0,00676392;0,00626543;0,00680265;0,00692726;0,00786004;0,0101386;0,013133;0,0129733;0,0150979
411;;0,000795174;0,00456596;0,00641438;0,00563876;0,00607926;0,00617107;0,00734349;0,00927782;0,0118367;0,0117589;0,0134784
412;;0,000699016;0,0047306;0,0059507;0,00515254;0,00541937;0,00555505;0,00684632;0,00829233;0,0110694;0,0107877;0,0119117
413;;0,000595172;0,00464367;0,0054072;0,00430221;0,00471394;0,0048108;0,00639598;0,0072445;0,0100652;0,00970749;0,0104977
414;;0,00038516;0,00446598;0,00478377;0,00328231;0,00413567;0,00416742;0,00593029;0,00627355;0,00909808;0,00881671;0,00915653
415;;0,000237344;0,00400463;0,00439702;0,00267645;0,00393979;0,00375598;0,00549073;0,00539174;0,00837168;0,00789122;0,00811143
416;;5,72257E-05;0,00345091;0,00380922;0,00190546;0,00341298;0,00313645;0,00480897;0,00445308;0,00752438;0,0068189;0,00697472
417;;2,57398E-06;0,00287927;0,00331767;0,00141504;0,00302024;0,00268864;0,00422724;0,00358645;0,00666611;0,00597559;0,00599229
418;;-6,80034E-05;0,00226067;0,00285293;0,0010879;0,0027149;0,00214152;0,00373558;0,00287867;0,00583292;0,00515183;0,00508254
419;;-2,07943E-05;0,00188856;0,00240616;0,00122226;0,00238874;0,0017866;0,00324666;0,00225228;0,00541757;0,00458806;0,00434318
420;;0,000097792;0,00173297;0,00198987;0,00116974;0,0021791;0,00137711;0,00302932;0,00182412;0,00482162;0,00414269;0,0038147
421;;0,000262401;0,0017679;0,00175198;0,00135508;0,00235268;0,00119447;0,00307801;0,00166868;0,00466761;0,00410162;0,00357528
422;;0,000345651;0,00174077;0,00179141;0,00165247;0,00254982;0,00108371;0,00304869;0,00168707;0,00463201;0,00395286;0,00364955
423;;0,000406563;0,00194799;0,00184078;0,00180838;0,00270028;0,000935367;0,0029974;0,00178789;0,00468491;0,0039737;0,00379574
424;;0,000393649;0,0021038;0,00208748;0,00198081;0,00301974;0,000859106;0,00298112;0,00199732;0,00472877;0,00396302;0,00405432
425;;0,000252182;0,00207247;0,00232876;0,00195607;0,0030544;0,000779164;0,0027658;0,00198606;0,00469608;0,00371961;0,00415687
426;;-9,28154E-06;0,00198101;0,0024724;0,00206021;0,00283667;0,000739229;0,00236721;0,00181325;0,00455962;0,00338072;0,00408065
427;;-0,000109703;0,00198334;0,00264814;0,00198948;0,00273444;0,000705712;0,0022278;0,00171572;0,00423965;0,00307647;0,00395621
428;;-0,000173992;0,00193173;0,00271372;0,00209982;0,00259569;0,000739957;0,00200637;0,00160119;0,00408119;0,00284164;0,00365863
429;;-0,000127219;0,00187575;0,00280715;0,00215354;0,00241971;0,00081002;0,00178127;0,00148871;0,00387541;0,00253729;0,00334909
430;;-5,35313E-05;0,00215242;0,00280847;0,00236501;0,00236772;0,000852583;0,00177431;0,00162953;0,00395522;0,00249486;0,00313379
431;;0,000309453;0,00258755;0,00321686;0,00271612;0,00265004;0,00110156;0,00198819;0,00195443;0,00429208;0,00260169;0,00330579
432;;0,000527762;0,00299909;0,00339652;0,00290727;0,00266327;0,00113966;0,00201963;0,00207238;0,00459113;0,00259415;0,00351445
433;;0,000687245;0,00329525;0,00357056;0,00309399;0,00270561;0,00132229;0,00208511;0,00214554;0,00483872;0,00268151;0,00376668
434;;0,000785111;0,00342736;0,00359977;0,00307696;0,00266203;0,00132938;0,00220664;0,0021719;0,00480687;0,00276811;0,00393508
435;;0,000849788;0,00334224;0,00355313;0,00307127;0,00252206;0,00124324;0,00199646;0,00197874;0,0047021;0,00288573;0,00393944
436;;0,00061038;0,00301113;0,00314383;0,00267123;0,0021345;0,000967959;0,00169327;0,0016621;0,0042641;0,00282303;0,00368863
437;;0,000355796;0,00282932;0,00285574;0,00235814;0,00195701;0,0007508;0,00158479;0,00150122;0,00405716;0,00300566;0,0033415
438;;0,000186737;0,00256939;0,002759;0,00197716;0,00181763;0,000465932;0,0015657;0,00137008;0,00382309;0,00295056;0,00315485
439;;-0,000154172;0,00242796;0,00260563;0,00160129;0,00155187;0,000118778;0,00148;0,00122873;0,00375344;0,00291081;0,00295893
440;;-0,000371455;0,00226695;0,00259068;0,00127426;0,00149351;1,47318E-05;0,00163065;0,001215;0,00371841;0,00279508;0,00288008
441;;-0,00043579;0,00222905;0,00264069;0,00105581;0,00147151;-7,00784E-05;0,00171964;0,00127719;0,00371313;0,00266297;0,00283307
442;;-0,000397386;0,00204688;0,00260786;0,00106522;0,00148227;3,18806E-05;0,00159989;0,00126193;0,0036786;0,00250073;0,00283926
443;;-0,000428524;0,00199248;0,00244478;0,000994;0,00151614;0,000141682;0,00147511;0,00124323;0,00356751;0,0023601;0,00276928
444;;-0,000201069;0,00202722;0,00239183;0,00109565;0,00179122;0,000355514;0,00148079;0,00128635;0,00367348;0,00230124;0,00281461
445;;-1,79182E-05;0,00196359;0,00225655;0,00106822;0,00185767;0,000424038;0,00137482;0,00121362;0,00363055;0,00213767;0,00282579
446;;0,000158068;0,00201491;0,00214244;0,00109801;0,00199709;0,000461516;0,00142132;0,00115688;0,00374593;0,0022265;0,0028295
447;;0,000286258;0,00198525;0,0021634;0,000974797;0,00206188;0,000397815;0,00152091;0,00109191;0,00381182;0,00215894;0,00272689
448;;0,000424131;0,00201496;0,00225307;0,00100284;0,00204595;0,000297013;0,00162739;0,0010705;0,00389973;0,0022034;0,00266456
449;;0,000451711;0,0019336;0,00235235;0,0011198;0,00200421;0,000319566;0,00165248;0,000991285;0,00386635;0,00225972;0,00253513
450;;0,000393124;0,00195409;0,00249179;0,00120881;0,00206439;0,000272614;0,00174316;0,00101557;0,00381163;0,00241479;0,00245143
451;;0,000268701;0,00182129;0,00262291;0,00143523;0,0021076;0,000241903;0,00172096;0,000978091;0,00374584;0,00244069;0,00235269
452;;0,000114828;0,00182003;0,00260774;0,00157253;0,00216407;0,000184237;0,001711;0,000927519;0,00356458;0,00251505;0,00232919
453;;-0,000084942;0,00181124;0,00252659;0,0016453;0,00229039;0,000141613;0,00169511;0,000869175;0,00346315;0,00261125;0,00223455
454;;-0,000254354;0,00178158;0,00245008;0,00151308;0,0023601;-0,000033467;0,00158193;0,000782882;0,00318909;0,00248658;0,00213686
455;;-0,000344011;0,00192668;0,00241881;0,00152558;0,00232472;-7,55945E-05;0,00148746;0,000725916;0,00305394;0,00241167;0,00212141
456;;-0,000360445;0,0020949;0,00242829;0,00143959;0,00232934;-3,97646E-05;0,00146011;0,000691726;0,00290647;0,00228061;0,00222087
457;;-0,000326781;0,00225299;0,00254536;0,0014475;0,00228619;4,05093E-05;0,00148639;0,000848357;0,00288407;0,00216535;0,00239352
458;;-0,000183363;0,00237195;0,00266996;0,00150508;0,00222188;0,000177642;0,00147181;0,000983948;0,00297394;0,00205715;0,00261588
459;;-5,58247E-05;0,00252706;0,00270285;0,00156308;0,00212095;0,000353032;0,00157262;0,00117162;0,00319385;0,00203693;0,00284297
460;;0,00010348;0,00247954;0,00265154;0,00160863;0,00213238;0,000473002;0,00167544;0,00128695;0,00343616;0,00202131;0,00294935
461;;0,000209047;0,00230801;0,00250019;0,00150192;0,00199004;0,000487773;0,00161694;0,0012978;0,00351781;0,0019208;0,00291914
462;;0,000257655;0,00214987;0,00225823;0,00133429;0,00182351;0,000447714;0,00152418;0,0011073;0,00354082;0,00190564;0,00281593
463;;0,000233062;0,00190917;0,00202597;0,00107561;0,00167325;0,00033179;0,00139588;0,000864262;0,00335645;0,00180101;0,00258625
464;;0,000122921;0,00169339;0,00188928;0,000879962;0,00154989;0,000177888;0,00126488;0,000660051;0,00319995;0,00187529;0,0024347
465;;-3,47397E-05;0,00155884;0,00182965;0,000685719;0,00149078;5,08245E-05;0,00107785;0,000478926;0,00303166;0,00190699;0,00229647
466;;-0,000141045;0,00161756;0,00187005;0,000649384;0,00162535;2,24951E-05;0,00113203;0,00051421;0,00298406;0,00209284;0,00226513
467;;-0,00018414;0,00170444;0,00199881;0,000809671;0,00187735;3,44431E-05;0,00123129;0,000629295;0,00307055;0,00228211;0,00227991
468;;-0,000205187;0,00182819;0,00209919;0,00100347;0,00212766;0,000114318;0,00136132;0,000760467;0,00321132;0,00248372;0,00245871
469;;-8,93456E-05;0,00204337;0,00216081;0,00127571;0,00243558;0,000273743;0,00155283;0,000879713;0,00336353;0,00266;0,00253488
470;;2,13285E-05;0,00217691;0,0022055;0,00140614;0,00262136;0,000412782;0,0017309;0,000937809;0,00340846;0,00271469;0,00257654
471;;7,93412E-05;0,0023197;0,0021998;0,00150038;0,0026178;0,000484217;0,00180445;0,000877915;0,00349302;0,00274975;0,00255753
472;;0,000135431;0,00233683;0,00216438;0,00145935;0,00257356;0,000582946;0,00181295;0,000767823;0,00345569;0,00265512;0,00249834
473;;0,00016514;0,0024571;0,00221339;0,00148099;0,00248127;0,000669444;0,00192031;0,000794206;0,00343587;0,0026039;0,00243518
474;;0,000158179;0,00241067;0,0022539;0,00147069;0,00236375;0,000680584;0,00188484;0,000782541;0,00344236;0,00244459;0,00241003
475;;0,000127002;0,00247181;0,00225485;0,0015983;0,00229512;0,000718111;0,00189798;0,000876393;0,00348235;0,00236434;0,00247044
476;;0,000132198;0,0024572;0,00236363;0,00181968;0,00237256;0,000801005;0,00197339;0,00100523;0,00354124;0,00234561;0,00254176
477;;0,000123529;0,00243755;0,00245476;0,00193033;0,00242743;0,000789909;0,0020403;0,00114197;0,00354624;0,00228032;0,0025856
478;;0,000122306;0,00231511;0,00246541;0,00196954;0,00246905;0,000711498;0,00202138;0,00114676;0,00353404;0,00223595;0,00255578
479;;9,53036E-05;0,00218075;0,00249463;0,00186636;0,00249322;0,000682568;0,00208493;0,00115268;0,00337669;0,00216468;0,00253091
480;;0,000124636;0,0019956;0,00250364;0,00173102;0,00241647;0,000555592;0,00215553;0,00113979;0,003326;0,00217218;0,00252633
481;;9,57784E-05;0,00177532;0,00233927;0,00139583;0,00222525;0,00035254;0,00204266;0,000997936;0,00319299;0,0020114;0,00247104
482;;-1,19973E-05;0,00167981;0,0021671;0,00114249;0,00204476;0,000231387;0,00200834;0,00089811;0,00316449;0,00198669;0,00248394
483;;-0,000089445;0,00164829;0,00208357;0,000983296;0,00199635;0,000169272;0,00192131;0,000806025;0,00322891;0,00192946;0,00252914
484;;-0,000178191;0,00173034;0,00196542;0,000914647;0,00188259;3,56634E-05;0,00180114;0,000696683;0,00332803;0,00188335;0,00254155
485;;-0,000306458;0,00184146;0,0019215;0,000922674;0,00190123;3,38634E-05;0,00166138;0,00056144;0,00333056;0,00188106;0,00247684
486;;-0,000346945;0,00194251;0,00198946;0,001043;0,0020077;9,51299E-05;0,00165121;0,000541169;0,00331094;0,00191272;0,00249425
487;;-0,000257395;0,00199496;0,00206739;0,0012537;0,00207485;0,000109941;0,00156742;0,000542372;0,00330375;0,00196831;0,00250953
488;;-0,000187312;0,00199347;0,0020736;0,00129712;0,00199891;0,000124368;0,00153483;0,00054549;0,00320112;0,00193313;0,00246464
489;;-0,000119924;0,00195669;0,00217005;0,00139565;0,00196182;0,000259079;0,00157136;0,000664178;0,00322451;0,00196297;0,00248484
490;;-3,94951E-05;0,00181322;0,00224628;0,00132307;0,00183187;0,000293557;0,0015742;0,000699919;0,00327379;0,00182031;0,00253343
491;;-5,93167E-05;0,00176983;0,00221575;0,00123797;0,00164967;0,000347705;0,00159102;0,00074429;0,00336077;0,00178963;0,00261268
492;;-0,000168585;0,00171461;0,00223182;0,00112623;0,00156316;0,000409687;0,0016358;0,000751504;0,00344775;0,00176261;0,0027095
493;;-0,000282417;0,00166025;0,00219944;0,00105713;0,00151277;0,000392555;0,00170568;0,000792755;0,00349173;0,00179419;0,00290267
494;;-0,00031589;0,00164809;0,00211034;0,00100679;0,00154618;0,000293523;0,00175767;0,000797039;0,00355867;0,00190159;0,00313521
495;;-0,000267188;0,00177127;0,0020468;0,000997735;0,00167503;0,000333069;0,00187322;0,000934;0,00365672;0,00210265;0,00336401
496;;-0,000136101;0,00184661;0,00209103;0,00103907;0,00183722;0,000383822;0,00195824;0,00110254;0,00380065;0,00228074;0,00348958
497;;1,11343E-05;0,00185479;0,0020456;0,000944622;0,00186617;0,000390359;0,00192402;0,0011603;0,00380583;0,00225338;0,00343666
498;;0,000198074;0,00194733;0,00204779;0,00092146;0,00188645;0,000493573;0,00186647;0,00120844;0,0038577;0,00230653;0,00331699
499;;0,000291007;0,00194771;0,0020325;0,000798455;0,00186049;0,000529104;0,0017037;0,00111421;0,00373422;0,00219657;0,00298354
500;;0,000234747;0,00187734;0,00192073;0,000727084;0,00169459;0,000360136;0,00144257;0,000887494;0,00342292;0,00198347;0,00258763
501;;0,000158539;0,00181264;0,00181111;0,000691595;0,00152011;0,000135418;0,00120175;0,000550761;0,00309889;0,00176344;0,00222024
502;;0,000112647;0,00185688;0,0017749;0,000760894;0,00143885;3,61239E-05;0,00114694;0,00034711;0,0028461;0,00168192;0,00195023
503;;5,27402E-05;0,00184226;0,00177439;0,000878986;0,00139541;-6,76203E-05;0,0011364;0,000181425;0,00270651;0,00156119;0,00170594
504;;2,29478E-05;0,00186619;0,00179073;0,000986708;0,00131864;-7,05393E-05;0,00118075;9,72878E-05;0,00262549;0,00145357;0,00162094
505;;0,000122029;0,00192424;0,0019127;0,00120229;0,00139194;9,84933E-05;0,00138025;0,000192352;0,00278688;0,00154743;0,00165499
506;;0,000240445;0,00193634;0,00198159;0,00126664;0,00147935;0,000213266;0,00149572;0,000317792;0,00287548;0,00152296;0,00166975
507;;0,000325549;0,00195615;0,00201881;0,00132481;0,00152647;0,000233518;0,00155462;0,000417021;0,00298307;0,00150755;0,00178195
508;;0,000354835;0,0019339;0,00205814;0,00129696;0,00157551;0,000193213;0,00152041;0,000416636;0,00295649;0,00145111;0,00185748
509;;0,000361149;0,00193447;0,0020715;0,00133546;0,00165996;0,000145641;0,00152818;0,000491218;0,00296668;0,00143913;0,00191373
510;;0,000235731;0,00187885;0,0019594;0,00118275;0,00161224;-2,47677E-05;0,00136044;0,000385386;0,00288384;0,00126942;0,00187541
511;;2,96832E-05;0,00187842;0,0018345;0,00102806;0,00147377;-9,19736E-05;0,00127657;0,000335317;0,002875;0,00122263;0,00189168
512;;-0,00015327;0,00180622;0,00174483;0,000903334;0,00138319;-0,000119296;0,00122339;0,000390464;0,00294542;0,00125857;0,00192034
513;;-0,000256412;0,00177037;0,00163138;0,00078696;0,0012665;-0,00013014;0,00121268;0,000502149;0,00305725;0,00132196;0,00198494
514;;-0,000310469;0,00173;0,00151766;0,000683161;0,00114209;-0,00011105;0,00119913;0,000590784;0,00316475;0,00147239;0,00210396
515;;-0,000298655;0,00171407;0,00153354;0,000680809;0,00111412;-2,97092E-05;0,00128904;0,000754684;0,00327104;0,00166145;0,00223286
516;;-0,00022978;0,00166476;0,00158555;0,000782892;0,00118281;2,23515E-05;0,00136914;0,000885124;0,00334085;0,00178777;0,00233154
517;;-0,000179562;0,00164645;0,00159537;0,000868289;0,00123234;7,47244E-05;0,00136933;0,000853416;0,00335949;0,00180708;0,00231129
518;;-0,000210518;0,00165103;0,00160552;0,000931803;0,00127865;0,000200522;0,00138763;0,000842094;0,00333172;0,00182718;0,00230311
519;;-0,000261559;0,00165084;0,00166881;0,00102272;0,00133428;0,000281043;0,00141501;0,00081364;0,00333287;0,00179353;0,00226326
520;;-0,000266821;0,00172548;0,00168065;0,00108057;0,00137417;0,000375008;0,00144545;0,000813875;0,00331051;0,00180359;0,00229737
521;;-0,000226649;0,00186746;0,00171755;0,00116318;0,00145516;0,000504808;0,00154351;0,00087323;0,00333397;0,00194921;0,00238994
522;;-0,000160873;0,00200104;0,0017972;0,00121954;0,00157289;0,000616807;0,00170203;0,000994759;0,00333001;0,00209897;0,00254946
523;;-3,85244E-05;0,00209591;0,00188813;0,00132234;0,00172314;0,000686766;0,00186855;0,00109605;0,00338975;0,00225336;0,00270444
524;;7,16111E-05;0,00215892;0,00194315;0,00131583;0,00182902;0,000739555;0,00198248;0,00110408;0,00343152;0,00235562;0,00279754
525;;9,38045E-05;0,00212643;0,00198633;0,00131389;0,00190261;0,000765485;0,00207681;0,00109827;0,0034704;0,00237654;0,002835
526;;3,09043E-05;0,00201208;0,00200183;0,00125049;0,00185492;0,00070758;0,00199989;0,00100358;0,00347504;0,00227091;0,00279175
527;;-6,98452E-05;0,00193961;0,00197953;0,00119486;0,00173765;0,000638532;0,00189902;0,000936896;0,00345757;0,00218972;0,00269902
528;;-0,000186592;0,00188457;0,00191273;0,0011387;0,00157869;0,000512614;0,00175256;0,000859771;0,00342074;0,00211028;0,00255541
529;;-0,000287404;0,00188238;0,00187807;0,00113054;0,00148303;0,000420665;0,00161186;0,000893927;0,00331856;0,00203968;0,00246882
530;;-0,000301437;0,00195185;0,00188997;0,00120774;0,00147649;0,00040001;0,00154858;0,000956444;0,00330149;0,00206372;0,00247161
531;;-0,000227875;0,00204718;0,00193754;0,00130535;0,00157865;0,000445119;0,00162459;0,0010606;0,00332135;0,00207686;0,00249197
532;;-0,000128612;0,00208532;0,00202344;0,0013895;0,00172216;0,000506572;0,00170079;0,00114045;0,00336579;0,00208062;0,00255903
533;;-0,000029529;0,00214696;0,0021985;0,00145706;0,00194907;0,000598723;0,00182157;0,00123065;0,00342973;0,00207545;0,00266049
534;;5,90108E-05;0,00219209;0,00232841;0,00147832;0,00210204;0,000650884;0,00198119;0,00130412;0,00352996;0,00208156;0,00272927
535;;0,000084076;0,00214305;0,00238591;0,00139555;0,00212789;0,000584509;0,00199853;0,00132392;0,0035125;0,00200153;0,00265013
536;;1,70611E-05;0,00211668;0,00238432;0,00127779;0,00205374;0,000503683;0,00195164;0,00133183;0,0034167;0,00194086;0,00261602
537;;-6,57702E-05;0,00210525;0,0022971;0,001184;0,00195045;0,000463562;0,00191563;0,00135183;0,00336019;0,00189373;0,0025869
538;;-0,00012836;0,0020674;0,00215134;0,00110646;0,00179934;0,00047795;0,00188005;0,00137757;0,00330582;0,00184936;0,00259307
539;;-0,000145055;0,00201676;0,00206995;0,00116913;0,00174429;0,000595054;0,00187144;0,00141751;0,00332348;0,00187706;0,00266818
540;;-0,000121594;0,00202011;0,00204063;0,00124029;0,00178044;0,000765148;0,0019433;0,0014729;0,00344597;0,00197309;0,00280078
541;;-3,53095E-05;0,00199703;0,00201344;0,00132939;0,00186949;0,000928124;0,00204601;0,00154326;0,00359694;0,00210903;0,0028973
542;;0,000084381;0,00195866;0,00204754;0,00138093;0,00195448;0,000998818;0,00207899;0,00153053;0,00368478;0,00223732;0,00292825
543;;0,000156611;0,00195518;0,00209404;0,00139942;0,00201245;0,00102747;0,0020826;0,00151957;0,00372079;0,00234591;0,0029548
544;;0,000144272;0,00192707;0,00205617;0,00130609;0,00199584;0,000936389;0,00199785;0,00144613;0,00368444;0,00235497;0,00291161
545;;6,92217E-05;0,00188812;0,00196371;0,0012234;0,00188146;0,000833205;0,00187589;0,00133499;0,00358247;0,00227537;0,00287802
546;;-3,14511E-05;0,00188776;0,00190243;0,00120859;0,00180089;0,000757032;0,00178584;0,0012296;0,00352125;0,00220919;0,00285621
547;;-0,000163664;0,00192205;0,00186428;0,00124699;0,00175203;0,000741136;0,00178353;0,00120808;0,00348871;0,00212689;0,00285369
548;;-0,000251211;0,00196281;0,00184746;0,00138532;0,00175335;0,00078435;0,00188193;0,00124487;0,00348328;0,00213197;0,00285912
549;;-0,000227703;0,00205037;0,00192111;0,00156771;0,00180262;0,000910656;0,00201938;0,00133791;0,00351842;0,0022266;0,00286053
550;;-0,00013386;0,00217101;0,0020718;0,001744;0,00192753;0,00110434;0,0021979;0,00149205;0,00354732;0,00238484;0,00288088
551;;-4,71316E-05;0,00224623;0,00221462;0,00182441;0,00198409;0,00127214;0,00227284;0,00158324;0,00353889;0,00248881;0,00284883
552;;4,83086E-05;0,00232628;0,00232253;0,00184664;0,00200241;0,00143354;0,00230862;0,00163323;0,00352491;0,0025745;0,00285896
553;;8,12706E-05;0,00230308;0,00234665;0,00175438;0,00193697;0,00146976;0,00219634;0,00152564;0,00348917;0,00251596;0,00274935
554;;-1,19579E-05;0,00223194;0,0022863;0,00160591;0,00179906;0,00137803;0,00205684;0,00134017;0,00338376;0,00233464;0,00263031
555;;-0,000159344;0,00211445;0,00215319;0,00147347;0,00165764;0,00119472;0,00189336;0,00113125;0,00330433;0,00215124;0,0024613
556;;-0,000280045;0,00200041;0,00198895;0,00134576;0,00156446;0,000987267;0,00177323;0,000976845;0,00323017;0,00193832;0,0023285
557;;-0,00037572;0,00185547;0,00186431;0,00124767;0,00148896;0,000792485;0,00169747;0,000879234;0,00314907;0,0017747;0,00221617
558;;-0,000381464;0,00177068;0,00183319;0,00118332;0,00148042;0,000652566;0,00167383;0,000917245;0,00313139;0,00166953;0,00221659
559;;-0,000284264;0,00179209;0,00185302;0,00115615;0,00151601;0,000674403;0,00173175;0,00107143;0,00318435;0,00164919;0,00230753
560;;-0,000138358;0,00180935;0,00189039;0,0011397;0,00151271;0,000691894;0,00176113;0,00119534;0,00324179;0,00161519;0,00240153
561;;-2,32717E-05;0,00187154;0,00200924;0,00118914;0,00150239;0,00072444;0,00183883;0,00133255;0,00332043;0,0016469;0,00252398
562;;4,02091E-05;0,0019572;0,00204336;0,00130582;0,00150775;0,000726066;0,0019031;0,00140593;0,00342943;0,00168741;0,00255254
563;;2,52273E-05;0,00203793;0,0020111;0,00138306;0,00150214;0,000738273;0,00196455;0,00142493;0,00346626;0,00174648;0,00252178
564;;-7,25344E-05;0,00199467;0,00194755;0,00150469;0,00152534;0,000687462;0,00199091;0,0013972;0,00345811;0,0018054;0,00245136
565;;-0,000177567;0,00197404;0,00192315;0,00159937;0,00161412;0,00069356;0,0020297;0,00140576;0,00347898;0,0018368;0,00243181
566;;-0,000249831;0,00195144;0,00186112;0,00168311;0,00172073;0,000776863;0,00206548;0,00144683;0,00351805;0,00190087;0,00246559
567;;-0,000269178;0,00189625;0,00189744;0,00166543;0,0018216;0,000855354;0,00202722;0,00151486;0,00355895;0,0019478;0,002555
568;;-0,000205119;0,00190753;0,00201869;0,00171521;0,00193093;0,000995563;0,0020709;0,00163203;0,00368157;0,0020443;0,00273358
569;;-8,96329E-05;0,00196221;0,00215071;0,00170377;0,00199176;0,00110118;0,00209388;0,00166792;0,00381576;0,0021321;0,00285559
570;;1,74692E-05;0,00205552;0,00225728;0,00170766;0,00202174;0,00121087;0,00218224;0,00171725;0,00389715;0,00229533;0,00297572
571;;0,000074927;0,0020557;0,00229462;0,00169925;0,00200226;0,00122647;0,00225512;0,00166514;0,00389128;0,00238662;0,00299768
572;;7,38781E-05;0,00207627;0,00223554;0,00170152;0,00198566;0,00124014;0,00236784;0,00160473;0,00384069;0,00241839;0,00302417
573;;-5,50256E-05;0,00199791;0,00206909;0,00166717;0,00194165;0,00117511;0,00238313;0,00150992;0,00370467;0,00239026;0,0030004
574;;-0,000179413;0,00191047;0,00193035;0,00163755;0,00193659;0,00111326;0,0023653;0,00146117;0,00359026;0,00232266;0,0029799
575;;-0,000288936;0,00182863;0,00181929;0,00163132;0,00192305;0,001076;0,00230243;0,00142376;0,00353202;0,00227258;0,0029637
576;;-0,00031981;0,00184951;0,00182901;0,00164127;0,00194827;0,00106495;0,0022539;0,00142281;0,00358266;0,00227936;0,002973
577;;-0,000269943;0,0019449;0,00196807;0,00172915;0,00198641;0,00114729;0,00226618;0,00149319;0,00367056;0,00238279;0,00302913
578;;-0,000115139;0,00208723;0,00213464;0,00183758;0,00204409;0,00119903;0,00228477;0,00154534;0,0037412;0,00247658;0,00304653
579;;7,30735E-06;0,00226883;0,00227712;0,00194979;0,00209297;0,00128249;0,0023164;0,00164529;0,00379266;0,00261074;0,00309718
580;;7,39295E-05;0,00238856;0,00235482;0,00201284;0,00211085;0,00130415;0,00234753;0,00168055;0,0037501;0,00264747;0,00306494
581;;5,46172E-05;0,00240601;0,00232554;0,00196243;0,00207608;0,00128061;0,0022596;0,00171106;0,00361926;0,00255811;0,00294509
582;;-3,88988E-05;0,00232409;0,0021637;0,00184634;0,00201696;0,00117731;0,00212963;0,00169347;0,00350282;0,00245524;0,00277203
583;;-0,000136377;0,00217371;0,00203255;0,00169355;0,00194818;0,00110526;0,00202872;0,00163492;0,003471;0,00235266;0,00261149
584;;-0,000184662;0,00203546;0,00197442;0,00160891;0,00188361;0,00108608;0,00202704;0,00163658;0,00346969;0,00230085;0,00253679
585;;-0,00016186;0,00192626;0,00199426;0,00154162;0,00189518;0,00107531;0,00204677;0,00165057;0,00354421;0,00230574;0,00254231
586;;-6,86221E-05;0,00192548;0,00207303;0,00160249;0,00197108;0,0011434;0,00220739;0,00170941;0,00368121;0,00243493;0,00271184
587;;6,79926E-05;0,00193821;0,00224348;0,00170977;0,00206156;0,00121073;0,00239511;0,00173911;0,00374806;0,00250742;0,0028489
588;;0,000161976;0,00209981;0,00239794;0,00183388;0,00216001;0,00129178;0,00253773;0,00186684;0,00379018;0,00257276;0,00297811
589;;0,00018776;0,00217491;0,00240013;0,00187315;0,00221101;0,00125171;0,00256522;0,00182466;0,00376029;0,00256227;0,00299103
590;;0,000145803;0,0022182;0,00231709;0,00186588;0,00220292;0,00118143;0,00250586;0,00176737;0,00369451;0,00250297;0,00294427
591;;4,31124E-05;0,00221234;0,00218995;0,00181002;0,00213047;0,00110082;0,00243471;0,00168824;0,00358314;0,00241782;0,00283049
592;;-0,000106025;0,00219375;0,00203946;0,00167419;0,002027;0,00100979;0,00228076;0,00157681;0,00353979;0,00232729;0,00275649
593;;-0,000192311;0,00210531;0,00193106;0,00161374;0,00190945;0,000966252;0,00222105;0,00146273;0,00348102;0,00227966;0,00277203
594;;-0,00018916;0,00210867;0,00194506;0,00160833;0,00187633;0,00102526;0,00224694;0,00147644;0,00348791;0,00227566;0,00280858
595;;-0,000102745;0,00220653;0,00207267;0,00172097;0,00188717;0,00113631;0,00239171;0,00163138;0,00357599;0,00233999;0,00293788
596;;1,76792E-05;0,00228402;0,00222073;0,00183568;0,0019555;0,00118689;0,00248942;0,00179197;0,00367674;0,00240719;0,00304069
597;;0,000196004;0,00241048;0,00232757;0,00197713;0,00207289;0,00125958;0,00261027;0,00202004;0,00376012;0,00251261;0,00309771
598;;0,000304357;0,00249695;0,00235126;0,00204194;0,00221141;0,00131414;0,00268672;0,00219225;0,00387954;0,00262946;0,00313355
599;;0,000288687;0,00250119;0,00231028;0,00200932;0,00226824;0,00129435;0,00267074;0,00224916;0,00395182;0,00266172;0,00313483
600;;0,000155441;0,00238163;0,00218965;0,00190906;0,00226162;0,00129067;0,00262586;0,00215119;0,00389285;0,0026383;0,00307103
601;;2,43832E-05;0,0022877;0,00207542;0,00181642;0,00222651;0,0013284;0,00258831;0,0020205;0,00382767;0,00258978;0,00300658
602;;-0,000160308;0,00216028;0,00201029;0,00178919;0,00213295;0,00135387;0,00256626;0,00188504;0,00372762;0,0025096;0,00303328
603;;-0,000323066;0,00203583;0,00201156;0,00172221;0,00200336;0,00129946;0,00247349;0,00172329;0,00355439;0,00237544;0,00293495
604;;-0,000390133;0,00198076;0,00204315;0,00172534;0,00191064;0,00126994;0,00238669;0,00164243;0,00342412;0,00230993;0,00289429
605;;-0,000358819;0,00201006;0,00209011;0,00174332;0,00186156;0,00126016;0,0022723;0,00162224;0,00336545;0,00232257;0,00290507
606;;-0,000382048;0,00202594;0,00210231;0,00170167;0,00179641;0,00121638;0,00211525;0,00156999;0,0032776;0,00228187;0,00289211
607;;-0,00039003;0,00206967;0,00206191;0,00165529;0,00173462;0,00122588;0,00201592;0,00151286;0,00319705;0,00228995;0,00281869
608;;-0,000415767;0,00215677;0,00202453;0,00162439;0,00172096;0,00126161;0,00197466;0,00150049;0,00318808;0,00230161;0,00282553
609;;-0,000480463;0,00217623;0,00197039;0,00162769;0,00168681;0,00131656;0,00201935;0,00151631;0,00314425;0,00230563;0,00281807
610;;-0,000596335;0,00212722;0,00189861;0,00156907;0,00161062;0,00125861;0,00203399;0,00147185;0,0030654;0,00221652;0,00265194
611;;-0,000608255;0,00215873;0,00189968;0,00163705;0,00159726;0,00129352;0,00211634;0,00155768;0,00308916;0,00225093;0,00259343
612;;-0,000582315;0,00214851;0,0019536;0,00163256;0,00165817;0,00128264;0,0021504;0,001613;0,00315287;0,00230228;0,0025391
613;;-0,00047534;0,00217795;0,00200696;0,00170898;0,001722;0,00132974;0,00220347;0,0016942;0,00321355;0,00240953;0,00252094
614;;-0,000320515;0,00225948;0,00207229;0,00178136;0,00181687;0,00137694;0,00226606;0,00175467;0,00331326;0,00256879;0,00252867
615;;-0,000106366;0,00238827;0,00215267;0,00188318;0,00193667;0,00142932;0,00234284;0,00183477;0,00346571;0,00273603;0,00265001
616;;2,78997E-05;0,00234932;0,00216571;0,00193371;0,00198058;0,00137052;0,00244221;0,00186054;0,00350956;0,0028521;0,00266593
617;;0,000146805;0,00234833;0,00215897;0,00202359;0,00196935;0,00130881;0,00254277;0,00187979;0,00355722;0,00289147;0,00264302
618;;0,000153107;0,00222642;0,00207767;0,00207941;0,00189908;0,00123724;0,00261894;0,00188733;0,0036067;0,00288783;0,00264604
619;;0,000102386;0,00204933;0,00200291;0,00205705;0,00184266;0,00114757;0,00257657;0,0018104;0,00359529;0,00282151;0,00260712
620;;1,99568E-05;0,00188728;0,00197055;0,0021049;0,00185294;0,00118222;0,00260072;0,00185821;0,00361921;0,00279295;0,00266858
621;;-3,71906E-05;0,00181517;0,00196215;0,0020979;0,00193263;0,00128992;0,00256779;0,0018386;0,00368312;0,00273025;0,00278491
622;;-0,00012106;0,00179495;0,00197862;0,00206902;0,00205599;0,00138804;0,00253981;0,00187059;0,00374598;0,00269696;0,00297626
623;;-0,000109467;0,00187082;0,00204875;0,00209187;0,0022144;0,00150459;0,00259154;0,00195892;0,00373308;0,0027076;0,00312257
624;;-8,11067E-05;0,0020608;0,00212568;0,00215156;0,0023475;0,00164288;0,00273852;0,00212305;0,00377204;0,00267903;0,00330854
625;;-0,000088484;0,00218546;0,00206717;0,00212614;0,00239205;0,00169332;0,0028139;0,0021833;0,0036864;0,00264997;0,0033979
626;;-9,51498E-05;0,00228328;0,00197094;0,00206273;0,0023646;0,00170186;0,002857;0,00221588;0,00356354;0,00256439;0,00344755
627;;-0,000115946;0,00235397;0,00182078;0,0020173;0,00233719;0,00182856;0,00290112;0,00232032;0,0033494;0,00252273;0,00354474
628;;-0,000199765;0,00238905;0,00169652;0,00189368;0,00228225;0,00190134;0,00284595;0,00225232;0,003156;0,00241721;0,0036026
629;;-0,000324559;0,00225539;0,00149086;0,00171684;0,00214723;0,0019209;0,00268378;0,0021668;0,00286642;0,00228095;0,00362936
630;;-0,000460652;0,00222526;0,00146403;0,00166392;0,0020507;0,00205176;0,00256742;0,00203581;0,0025849;0,002129;0,0036402
631;;-0,000622467;0,00224856;0,00145773;0,00164983;0,00194788;0,00218125;0,00244803;0,00197605;0,00236299;0,00209756;0,00369039
632;;-0,000759363;0,00220985;0,00151224;0,00166491;0,00170961;0,00219331;0,00231863;0,00173976;0,0021632;0,00202695;0,00356106
633;;-0,000864809;0,00215239;0,0015138;0,00160686;0,00154521;0,00221733;0,00218891;0,00155989;0,00200928;0,00192611;0,0034602
634;;-0,000870482;0,00234802;0,00163506;0,00169879;0,00150918;0,00234793;0,00224799;0,00144477;0,00198762;0,00196096;0,00340989
635;;-0,000786799;0,0024849;0,00171439;0,0017088;0,00151557;0,00238043;0,00234623;0,00143758;0,00206116;0,00198116;0,00338163
636;;-0,000667806;0,00268147;0,00187498;0,0018196;0,0015958;0,00248999;0,00252066;0,00150273;0,00210461;0,00202447;0,00336806
637;;-0,000586092;0,00282003;0,00197654;0,00191557;0,00180982;0,0025057;0,00271126;0,0015812;0,00222569;0,00201045;0,00344344
638;;-0,000503356;0,00296431;0,0021279;0,00208872;0,00194364;0,00254477;0,00285514;0,00175354;0,00232432;0,00212937;0,00348243
639;;-0,000457404;0,00287235;0,00226155;0,00219533;0,00195777;0,00249282;0,00286066;0,00181107;0,00233399;0,00221042;0,0034236
640;;-0,00042483;0,00270447;0,00227706;0,00220965;0,00195775;0,00243953;0,00271687;0,00177102;0,0023467;0,00230463;0,00338986
641;;-0,000361615;0,00255121;0,00231307;0,00219551;0,00197307;0,00232683;0,00265096;0,00169944;0,00236918;0,00234247;0,00334627
642;;-0,000211813;0,00242845;0,00230611;0,00209804;0,0020007;0,00231012;0,00256889;0,00170804;0,00232792;0,00244644;0,0033567
643;;-1,70762E-05;0,00245995;0,00235332;0,0021097;0,00214914;0,00234936;0,00270292;0,00176076;0,00234919;0,00259303;0,00351725
644;;0,000102495;0,00249038;0,0022142;0,0020649;0,00239237;0,0023374;0,00289445;0,00179915;0,00235952;0,00270967;0,00370639
645;;0,000201932;0,00269376;0,00219279;0,00215665;0,00256491;0,00239341;0,00321451;0,00197879;0,0023148;0,00294178;0,00382437
646;;0,000249985;0,00270473;0,00201853;0,00228206;0,00266745;0,0024587;0,00340953;0,00206467;0,00228775;0,00314674;0,00396718
647;;0,000272829;0,00283669;0,00195377;0,00249401;0,00270365;0,00257838;0,00358979;0,00218612;0,00235592;0,00336826;0,00410194
648;;0,000188061;0,0027517;0,00183576;0,00262517;0,00254471;0,00255892;0,0036198;0,00214371;0,00234032;0,00338411;0,00405515
649;;0,000195782;0,00274462;0,00186892;0,00268516;0,00237344;0,00262095;0,00354916;0,00217873;0,00243912;0,00338616;0,00409185
650;;0,000235403;0,00269384;0,00195975;0,00276574;0,00231574;0,00267105;0,00353305;0,00214711;0,00259789;0,00329073;0,00423344
651;;0,000332485;0,00275054;0,00213258;0,00268881;0,00231541;0,00269667;0,00358359;0,00218169;0,00276048;0,00324793;0,00433238
652;;0,00045967;0,00279078;0,00236129;0,002636;0,00237198;0,00275705;0,00369304;0,00223365;0,00288402;0,00322159;0,00440114
653;;0,000663748;0,00288756;0,00251372;0,00256733;0,00260398;0,00286824;0,00379721;0,00235345;0,00307533;0,00326051;0,00459936
654;;0,000862152;0,00303876;0,00272506;0,00267183;0,00281712;0,0030135;0,00398932;0,00255004;0,00323728;0,00338312;0,00470779
655;;0,00087515;0,00299857;0,00270929;0,00263933;0,00284922;0,0029979;0,00399382;0,00259781;0,00327099;0,00340583;0,00468325
656;;0,00079928;0,00290556;0,00263764;0,00262787;0,00282713;0,00299024;0,00383736;0,00262118;0,00330207;0,00337251;0,00463043
657;;0,000588127;0,00272341;0,00244586;0,00257904;0,00273918;0,00287647;0,00365984;0,00253141;0,00325644;0,00325734;0,004539
658;;0,000251817;0,00244957;0,00222492;0,00238226;0,00251987;0,00269998;0,00339248;0,00241397;0,0030897;0,00312428;0,00429329
659;;-0,000123549;0,00214664;0,0020382;0,00215575;0,00238004;0,00250407;0,00314545;0,00227941;0,00287582;0,00292355;0,00412541
660;;-0,000308766;0,00199601;0,00197039;0,00195314;0,00238097;0,0024313;0,00301839;0,00227182;0,00278676;0,00285408;0,00405408
661;;-0,000427424;0,00197356;0,00202153;0,00188442;0,00240135;0,00243351;0,00300253;0,00234762;0,0026972;0,00288129;0,00402158
662;;-0,000492515;0,00190364;0,0020015;0,00177545;0,00239901;0,00236943;0,00291382;0,00239757;0,00261521;0,00286758;0,00402981
663;;-0,000330337;0,00210334;0,00216119;0,00189721;0,00253728;0,00251376;0,00293318;0,0025318;0,00273011;0,00298607;0,00421867
664;;-0,000204435;0,00223088;0,00218674;0,00201871;0,00255142;0,00259201;0,00294052;0,00252232;0,00285181;0,00309157;0,00437809
665;;-0,000178073;0,0022924;0,00217796;0,00213733;0,00251561;0,0026454;0,00287877;0,00252049;0,00291349;0,0031367;0,00447036
666;;-0,00021751;0,00226467;0,00211612;0,00216781;0,00247592;0,00261723;0,00286744;0,00241869;0,00291069;0,00306753;0,00450679
667;;-0,000194025;0,00233402;0,00210137;0,00214761;0,00251678;0,00267391;0,00289365;0,00238366;0,00297034;0,00311765;0,00447628
668;;-0,000363336;0,00222392;0,00202269;0,00205678;0,00241455;0,00258238;0,00294519;0,00230222;0,00283273;0,00306488;0,00426877
669;;-0,000441242;0,00216376;0,00189657;0,00184347;0,0023202;0,0025044;0,00294019;0,00224559;0,00265838;0,00297116;0,0040171
670;;-0,000397053;0,00226549;0,00189911;0,00175908;0,00226015;0,00253575;0,00296734;0,00222821;0,00257081;0,00293708;0,00385871
671;;-0,000305755;0,00234055;0,00183788;0,00174816;0,00219158;0,00255703;0,0030101;0,00222922;0,00255431;0,00292254;0,00375885
672;;-0,000188477;0,00245883;0,00189971;0,00188246;0,00211903;0,00264041;0,00306956;0,00228728;0,00256714;0,00292226;0,00377997
673;;-0,000071785;0,00254688;0,00186837;0,00200214;0,00210973;0,0026503;0,00311529;0,00229719;0,00260418;0,00288547;0,00382919
674;;-0,000012414;0,00262382;0,00194504;0,00220497;0,00217003;0,00266966;0,00317699;0,00241551;0,00266383;0,00300555;0,00390047
675;;-4,95902E-05;0,00257642;0,0019682;0,00232648;0,00218177;0,00257733;0,00329565;0,00244654;0,00258591;0,00307867;0,0038955
676;;-5,26836E-05;0,00253951;0,0020072;0,00231553;0,00226538;0,00246132;0,00330728;0,0024461;0,00252255;0,00316048;0,00391039
677;;-0,000112079;0,00241846;0,00202299;0,00228938;0,00229619;0,00234173;0,00332194;0,00239917;0,00241374;0,00318591;0,00388479
678;;-9,28474E-05;0,00231506;0,00204017;0,00222737;0,00228642;0,00225457;0,00327681;0,00233517;0,00237047;0,00318457;0,0039622
679;;6,89916E-06;0,00232801;0,00211396;0,00221158;0,00226847;0,00227009;0,00325623;0,00225181;0,00245618;0,00313434;0,00408351
680;;0,000118248;0,00234695;0,00212236;0,00221628;0,00229968;0,0022671;0,00322385;0,00219909;0,00262162;0,00306436;0,00422113
681;;0,000199786;0,00242804;0,00220388;0,00231387;0,0022848;0,00233127;0,0032256;0,0022419;0,00274636;0,00309698;0,00433199
682;;0,000227326;0,0025042;0,00221307;0,00235182;0,00232602;0,00230552;0,00325022;0,00227422;0,00281832;0,00307765;0,00434928
683;;0,000224296;0,00260158;0,00229128;0,00238355;0,00243735;0,00235394;0,00332461;0,00237303;0,00289792;0,00316887;0,00434474
684;;4,01727E-05;0,00248431;0,00228218;0,00233977;0,00247212;0,00230626;0,00330576;0,00238604;0,0027632;0,00310214;0,00421902
685;;-0,000163797;0,00233183;0,00222082;0,0021991;0,00243052;0,00227855;0,00317023;0,00232361;0,0025839;0,00299369;0,00408988
686;;-0,000382157;0,00220319;0,00212938;0,00203768;0,00236643;0,00229063;0,00300563;0,00221747;0,00243363;0,00280579;0,00392865
687;;-0,000567499;0,0020748;0,00198751;0,00186094;0,00222387;0,00227936;0,002788;0,00206583;0,00231422;0,00264426;0,0038473
688;;-0,000629437;0,00207961;0,00192075;0,00179687;0,00209983;0,00229208;0,00259792;0,00201309;0,00221287;0,00252785;0,00375766
689;;-0,000513567;0,00226602;0,00185834;0,00183205;0,00210711;0,0023379;0,00259681;0,00204196;0,00226186;0,00255861;0,00380881
690;;-0,000298347;0,00252465;0,0019465;0,0019723;0,00220434;0,00247192;0,00272961;0,00221013;0,00241645;0,00276427;0,00393387
691;;-0,000175734;0,00262949;0,00202144;0,00207569;0,00226733;0,00250086;0,00289141;0,00234101;0,00246492;0,0028604;0,0040219
692;;4,12222E-05;0,00282876;0,00220321;0,0022471;0,00246822;0,00266377;0,00313704;0,00255143;0,0025956;0,00303222;0,00419897
693;;0,000103496;0,00283775;0,00232001;0,00239513;0,00257135;0,00282613;0,00332558;0,00259703;0,00270013;0,00310483;0,00434674
694;;7,83379E-05;0,00272353;0,00239913;0,0024105;0,00255622;0,00286976;0,00335943;0,00256892;0,00271607;0,00309302;0,00441186
695;;-2,51922E-05;0,00256187;0,0024167;0,00239839;0,0025015;0,00284367;0,0033168;0,0024789;0,00260989;0,00297553;0,00435333
696;;8,9839E-06;0,0024996;0,00235922;0,00246517;0,00249509;0,00281527;0,00331028;0,0023533;0,00256493;0,00296049;0,00435931
697;;8,30356E-06;0,00243469;0,00228976;0,00251174;0,00239935;0,00273633;0,00324706;0,00225539;0,00245733;0,00295196;0,00430343
698;;4,72163E-05;0,00242649;0,00215403;0,00247071;0,00239549;0,0025963;0,00321065;0,00218536;0,00230391;0,00290424;0,00425021
699;;0,000154055;0,00247939;0,00208569;0,00248247;0,00243878;0,00257612;0,0032295;0,00216106;0,00228695;0,00297564;0,00426498
700;;0,000213493;0,00247827;0,00199282;0,00247854;0,0024138;0,00250113;0,00321561;0,0020912;0,00226251;0,00298903;0,00426467
701;;0,000200706;0,00244843;0,0019504;0,00242771;0,00238429;0,00242973;0,00312633;0,00206454;0,00225229;0,00302352;0,00424165
702;;7,25122E-05;0,00231426;0,00186061;0,0023604;0,00231293;0,00233158;0,00295903;0,00193831;0,00220803;0,00297041;0,00407615
703;;-6,50824E-05;0,00213581;0,00173171;0,00227715;0,00213106;0,00216886;0,00277815;0,0017885;0,00214534;0,00293628;0,00389343
704;;-0,000256077;0,00202409;0,00162862;0,00225948;0,00198341;0,00203494;0,00257944;0,00169295;0,00196793;0,00287723;0,00367365
705;;-0,000418954;0,00195241;0,00145338;0,00222734;0,00192275;0,00194351;0,00245717;0,00158743;0,00187098;0,00281155;0,00353014
706;;-0,000494544;0,00194783;0,00135324;0,00225383;0,00188648;0,00196845;0,00244948;0,00157097;0,00185622;0,0027811;0,00348666
707;;-0,000483828;0,00197807;0,00132534;0,00224251;0,00191489;0,00202714;0,00255587;0,00159103;0,00187123;0,00278165;0,00354511
708;;-0,00037374;0,00214642;0,0014849;0,00230045;0,00209125;0,0022743;0,00267959;0,00176072;0,00206438;0,00293794;0,00373444
709;;-0,000316343;0,00213365;0,00156491;0,00226628;0,00216521;0,00245652;0,00276689;0,0018495;0,00222725;0,00299853;0,00385596
710;;-0,000185272;0,00218609;0,00182478;0,00225339;0,00224139;0,00263576;0,00286224;0,00205581;0,00237353;0,003157;0,00400976
711;;-0,000127596;0,00221833;0,00208968;0,00216655;0,00229006;0,00271384;0,00285829;0,00224184;0,00240748;0,00324924;0,00405017
712;;-6,91026E-05;0,00224963;0,00221673;0,00207262;0,00230992;0,0026724;0,00282373;0,00240416;0,0024307;0,0032377;0,00408708
713;;-0,000100151;0,00223824;0,00223524;0,00199585;0,00222658;0,00252885;0,00275063;0,00247802;0,00230365;0,00310858;0,00399605
714;;-0,000039995;0,0023267;0,00221173;0,00191421;0,00221623;0,0023656;0,00271905;0,0025302;0,00221253;0,00298149;0,00392631
715;;3,76411E-05;0,00249766;0,00214062;0,00192915;0,00226687;0,002304;0,00267795;0,0025456;0,00219237;0,00288405;0,00389484
716;;0,000089086;0,00258683;0,00195998;0,00198428;0,00232641;0,0023118;0,00267287;0,00245658;0,00220668;0,00274916;0,00381895
717;;0,000178747;0,00272736;0,00191374;0,0021138;0,00243018;0,00245211;0,00268635;0,00248367;0,00230251;0,00278744;0,00381993
718;;0,000223424;0,00275088;0,00185311;0,00225306;0,00249387;0,00261869;0,00274237;0,00246423;0,00242807;0,00276169;0,0038092
719;;0,000223218;0,00277192;0,00186213;0,00246212;0,00255102;0,00279512;0,00288872;0,00247805;0,00258181;0,00277906;0,00389015
720;;0,000138362;0,00267262;0,00185666;0,00256082;0,00250213;0,00289414;0,00301917;0,0024777;0,00263141;0,00276346;0,00387458
721;;0,000151486;0,00259146;0,0019112;0,00261037;0,00248637;0,00295418;0,00317504;0,00249881;0,00266122;0,00278576;0,00397582
722;;0,000101952;0,00254193;0,00198903;0,00266108;0,0024614;0,00303243;0,00331933;0,00243657;0,00266519;0,002823;0,00404996
723;;0,000101616;0,00255203;0,00206171;0,00257176;0,0025372;0,00301913;0,00341826;0,00237627;0,00257855;0,00288996;0,00408718
724;;0,000189129;0,00267397;0,0021725;0,00248202;0,00264149;0,00305396;0,00338593;0,00239667;0,00254323;0,00301187;0,00409202
725;;0,000322919;0,00277342;0,00226573;0,00242556;0,00276223;0,00309911;0,00331061;0,00239384;0,00249449;0,00302753;0,00411576
726;;0,000413911;0,00295389;0,00235234;0,00241823;0,00281821;0,00310473;0,00322307;0,00248105;0,00248187;0,00306176;0,00412942
727;;0,000443081;0,00294685;0,00229317;0,00235791;0,00274703;0,00299251;0,00302009;0,00252671;0,00231196;0,00290652;0,00399425
728;;0,00044941;0,00292818;0,00219058;0,00237934;0,00264558;0,00286531;0,00283257;0,00252116;0,00224431;0,00272828;0,00398335
729;;0,000302159;0,002722;0,00203908;0,00235295;0,00247998;0,00267294;0,00266995;0,00242035;0,00204407;0,00251563;0,00390536
730;;9,66718E-05;0,00247764;0,00178228;0,00217564;0,00230516;0,0023675;0,00249462;0,00222736;0,00183329;0,00231373;0,00373048
731;;-9,31094E-05;0,00229906;0,00155097;0,00202892;0,00218392;0,00214914;0,00227047;0,00200875;0,00167764;0,0021779;0,00359879
732;;-0,000221888;0,0022295;0,00136513;0,00190383;0,00219241;0,00198771;0,00214529;0,00182777;0,00165412;0,00216021;0,00357568
733;;-0,000240927;0,0023123;0,00135649;0,00186597;0,00223634;0,00198845;0,00212893;0,00185968;0,00169323;0,0023162;0,00360954
734;;-0,000203215;0,00249691;0,00136834;0,00187196;0,00229665;0,00206485;0,00213351;0,00188844;0,00181248;0,00238637;0,00371917
735;;-0,000137184;0,00275957;0,00148591;0,00202206;0,00236528;0,00225541;0,00224226;0,00204569;0,0020344;0,00253378;0,00400623
736;;-0,000131996;0,0028654;0,00160012;0,00207536;0,00236541;0,00243046;0,00238601;0,00218745;0,00217449;0,00263089;0,00417005
737;;-8,80799E-05;0,00294776;0,00171993;0,00203965;0,00235769;0,00257123;0,00255806;0,00227906;0,00230016;0,00268376;0,00430717
738;;-0,000100817;0,00291948;0,00175524;0,00195355;0,00231623;0,00270166;0,00261294;0,00229224;0,00236491;0,00263071;0,00429953
739;;-9,84805E-05;0,00275732;0,00175539;0,00175452;0,00227107;0,00276586;0,00264443;0,00231318;0,00234601;0,00261221;0,00417656
740;;-3,21371E-05;0,00262581;0,00182834;0,0016268;0,00227313;0,00284469;0,00265975;0,00242879;0,00230023;0,00263273;0,00400734
741;;4,90942E-05;0,00247318;0,00178992;0,00155754;0,00228621;0,00287415;0,00263973;0,00245596;0,00221361;0,00252798;0,00385253
742;;0,000155794;0,00244868;0,00187486;0,00166051;0,00228268;0,00296647;0,00267483;0,00255984;0,00218261;0,00255243;0,00375871
743;;0,000213915;0,00241597;0,00195386;0,00178394;0,00225939;0,00296361;0,00275904;0,00259588;0,00211898;0,00261214;0,00366892
744;;0,000379773;0,00257717;0,00207739;0,00206985;0,00234694;0,00303824;0,00295716;0,00269569;0,00223517;0,00279147;0,00376819
745;;0,000435808;0,00270098;0,00210644;0,00230973;0,00240454;0,00307603;0,00309177;0,00265217;0,0023099;0,00293872;0,00382081
746;;0,000520502;0,00288484;0,00219586;0,00251163;0,00255367;0,00306399;0,00328672;0,00264131;0,00239563;0,0031554;0,00389794
747;;0,000519717;0,00299378;0,00215032;0,00262839;0,0026933;0,00302454;0,00334352;0,0026745;0,00241338;0,00325309;0,00396983
748;;0,000486752;0,00302419;0,00197735;0,00264045;0,00283089;0,0029538;0,00330798;0,00265096;0,0023573;0,0032067;0,00403519
749;;0,000331136;0,00300601;0,00180827;0,0025828;0,0028402;0,00281299;0,00317762;0,00259974;0,00219714;0,00310449;0,00398532
750;;0,000161459;0,00292907;0,00163172;0,00244356;0,00279937;0,00266945;0,0030579;0,00254044;0,00203484;0,00292135;0,00389789
751;;-2,58946E-05;0,00288576;0,00153168;0,00236038;0,00269734;0,00260912;0,00293427;0,00254681;0,00201047;0,00284692;0,0038665
752;;-0,000253625;0,00271984;0,00148644;0,00227612;0,00254253;0,00255273;0,00285521;0,00244071;0,00199431;0,00281359;0,00374596
753;;-0,000407158;0,00263323;0,00158568;0,00218919;0,00243217;0,00252721;0,00282849;0,0023922;0,00211079;0,00285703;0,00368869
754;;-0,000558989;0,00251868;0,00167779;0,00209927;0,00235988;0,0025716;0,00276785;0,00234596;0,00224208;0,00289205;0,00368233
755;;-0,000674975;0,00237656;0,00174632;0,0019474;0,00231807;0,00258516;0,00268591;0,00226285;0,00232783;0,00292907;0,00369919
756;;-0,000736222;0,00226256;0,00181355;0,00178955;0,00225281;0,00258417;0,00258998;0,00221462;0,00232511;0,00291498;0,00370281
757;;-0,000656461;0,00226343;0,0018469;0,0016321;0,0022825;0,00259986;0,0025237;0,00217816;0,00230493;0,00283269;0,00377832
758;;-0,000536821;0,00231967;0,00191968;0,00157371;0,00225742;0,00266926;0,00252122;0,0021894;0,00230609;0,00282946;0,00384294
759;;-0,000416006;0,00230561;0,00193797;0,00151073;0,00216893;0,00264156;0,00253693;0,00214151;0,00221856;0,0027265;0,00378515
760;;-0,000148528;0,00247272;0,0020643;0,00164604;0,0021444;0,00267317;0,00265808;0,00220503;0,0022936;0,0027167;0,0038258
761;;4,21206E-05;0,00253239;0,00216613;0,00184956;0,00216269;0,00280361;0,00275873;0,0022663;0,00232219;0,00267848;0,00384386
762;;0,000140469;0,00252572;0,00225537;0,00201254;0,00212722;0,00288855;0,00282695;0,00237244;0,00236533;0,0026547;0,00384006
763;;0,000141536;0,00243382;0,00226833;0,00217269;0,0021103;0,00291496;0,00282693;0,00251228;0,00233623;0,00257365;0,00384115
764;;0,000171206;0,00237927;0,0022853;0,00230489;0,00216389;0,00299674;0,00283929;0,00264956;0,00236282;0,00256054;0,0039344
765;;3,01018E-05;0,0022055;0,00222798;0,00235159;0,00210439;0,00300144;0,00277056;0,00275793;0,00228273;0,00252491;0,00391594
766;;-0,000139955;0,00208261;0,00207652;0,00223208;0,00200479;0,00281158;0,00269184;0,00270261;0,00219738;0,00240084;0,00380832
767;;-0,000219796;0,00206562;0,00199093;0,00220175;0,00196559;0,00265062;0,00269412;0,0026266;0,00216952;0,00234332;0,00377437
768;;-0,000318925;0,00200953;0,00186583;0,00215696;0,00189218;0,00251562;0,00270258;0,00244788;0,0020878;0,00220785;0,00369654
769;;-0,000365268;0,00202674;0,00179168;0,00213753;0,00186506;0,00239778;0,00276069;0,00232993;0,00206584;0,00209938;0,00367495
770;;-0,000338491;0,00208815;0,00177544;0,00217921;0,00198231;0,00242902;0,00285566;0,00225725;0,00208021;0,00205731;0,00372408
771;;-0,000201212;0,00210753;0,00181974;0,00227037;0,00216071;0,00258375;0,0029946;0,00226931;0,00214089;0,00213575;0,00385228
772;;-0,000160803;0,00209495;0,00187368;0,00232816;0,00227669;0,00276518;0,00307047;0,00235341;0,00219092;0,00225931;0,00390138
773;;-7,67143E-05;0,00216953;0,00191572;0,002322;0,00248178;0,00291942;0,00315344;0,00244181;0,00227952;0,00245887;0,00400339
774;;-2,48772E-05;0,00222035;0,00197626;0,00235975;0,00260955;0,00303098;0,0032069;0,00251059;0,00233355;0,00271004;0,00404861
775;;-5,82419E-05;0,00215401;0,00192556;0,00222054;0,00257889;0,00296967;0,00316504;0,00240618;0,002225;0,00279206;0,0039813
776;;-9,61527E-05;0,00219133;0,00192857;0,00210198;0,00253497;0,00286732;0,00306611;0,00234087;0,00211608;0,00287304;0,00396874
777;;-0,000140837;0,00210002;0,0018327;0,00195304;0,00245312;0,0027381;0,00288036;0,0021846;0,00186984;0,00281158;0,00388167
778;;-0,000139221;0,00198848;0,00184241;0,00180753;0,00234471;0,00266315;0,00269832;0,00206097;0,00170671;0,00278229;0,00376149
779;;-0,000169564;0,00188125;0,00186936;0,00165784;0,00228863;0,00263793;0,00249505;0,00200913;0,00158001;0,00271789;0,00367658
780;;-9,40501E-05;0,00190031;0,00198466;0,00160279;0,00235897;0,0026858;0,00243161;0,00207756;0,00165947;0,00273948;0,00375379
781;;-9,66743E-05;0,00189518;0,00206323;0,0015617;0,00233749;0,00274151;0,00241441;0,00214609;0,00180985;0,00272841;0,00374435
782;;2,50956E-05;0,00209218;0,00220823;0,00154875;0,00242071;0,00283305;0,00253837;0,00229295;0,0020969;0,00279482;0,00389421
783;;0,000196457;0,00238768;0,00236971;0,00169329;0,00249069;0,00294663;0,00271884;0,00253653;0,0024124;0,00287136;0,00413558
784;;0,000307195;0,00259076;0,00244348;0,00178929;0,00251241;0,0030604;0,00291174;0,00269549;0,00260407;0,00285403;0,00426366
785;;0,000436951;0,00277755;0,00247517;0,00193872;0,0024995;0,00321774;0,00303865;0,0028987;0,00274471;0,00289695;0,00434572
786;;0,000537531;0,00289449;0,00251008;0,00210842;0,00258544;0,00339125;0,00314071;0,00313295;0,00279694;0,00292178;0,00451972
787;;0,000512535;0,0028754;0,00248911;0,00224361;0,00261008;0,00348788;0,00321634;0,00321768;0,00282533;0,00295498;0,00467672
788;;0,000335362;0,0027254;0,00240025;0,00224614;0,00257989;0,00350406;0,00322469;0,00320287;0,00275157;0,00299453;0,00468962
789;;0,000272585;0,00269439;0,00235748;0,00227495;0,00264137;0,00351275;0,00328611;0,00320011;0,00281078;0,00315;0,0048563
790;;0,000116717;0,00261744;0,00237938;0,00232436;0,00265563;0,00348287;0,00337521;0,00313735;0,00294275;0,00331847;0,00503641
791;;1,68771E-05;0,00254434;0,00235958;0,00233706;0,00262862;0,00341707;0,00349441;0,00296415;0,0030443;0,00354138;0,00509859
792;;3,61108E-05;0,00258816;0,00243666;0,00240083;0,00266528;0,00340547;0,00357865;0,00289883;0,00317578;0,00375537;0,00513093
793;;8,11544E-05;0,00257962;0,00243653;0,00244794;0,00274823;0,00338731;0,00359847;0,00274956;0,00324661;0,0037836;0,00514477
794;;6,33494E-05;0,00251169;0,00240405;0,00237821;0,00269394;0,00328454;0,00350564;0,00251121;0,00319128;0,00367779;0,00499874
795;;6,66174E-05;0,00245379;0,00228638;0,00219975;0,00269043;0,00315447;0,00332507;0,0022626;0,00295907;0,0033682;0,00465199
796;;0,000138553;0,00248209;0,00218538;0,00200247;0,00273462;0,00304319;0,00313827;0,00206667;0,00278487;0,00294377;0,00433924
797;;-1,91925E-05;0,00231582;0,00197536;0,00163568;0,0026204;0,00280087;0,00276697;0,00174219;0,00241033;0,0023088;0,00378885
798;;0,000115343;0,00237352;0,00184837;0,00119245;0,00268088;0,00273545;0,00272468;0,00156522;0,00215912;0,00185842;0,00332976
799;;0,000172602;0,00233864;0,00174236;0,00117716;0,00271092;0,00255143;0,00281914;0,00175253;0,0021328;0,00170541;0,00287517
800;;0,000542664;0,00328698;0,00179741;0,0014915;0,00363077;0,00272819;0,00317823;0,00193878;0,0019394;0,00137024;0,00346585
